﻿職業類別,產業,1年以下,1~3年,3~5年,5~7年,7年以上
化學相關研究人員,電子科技╱資訊╱軟體╱半導體,50000,55000,60000,65000,70000
化學相關研究人員,一般傳統製造,38000,41800,45600,49400,53200
化學相關研究人員,政治╱宗教╱社福,42000,46200,50400,54600,58800
化學相關研究人員,法律╱會計╱顧問╱研發╱設計,44000,48400,52800,57200,61600
化學相關研究人員,建築營造╱不動產相關,80000,88000,96000,104000,112000
化學相關研究人員,醫療照護╱環境衛生,34000,37400,40800,44200,47600
化學相關研究人員,教育╱出版╱藝文相關,44000,48400,52800,57200,61600
化學相關研究人員,批發╱零售,35000,38500,42000,45500,49000
