﻿職業類別,產業,1年以下,1~3年,3~5年,5~7年,7年以上
地質與地球科學研究人員,電子科技╱資訊╱軟體╱半導體,37000,40700,44400,48100,51800
地質與地球科學研究人員,礦業╱土石能源採取,42000,46200,50400,54600,58800
地質與地球科學研究人員,政治╱宗教╱社福,37300,41100,44800,48500,52300
地質與地球科學研究人員,法律╱會計╱顧問╱研發╱設計,42000,46200,50300,54500,58700
地質與地球科學研究人員,建築營造╱不動產相關,35900,39500,43100,46700,50300
地質與地球科學研究人員,教育╱出版╱藝文相關,36000,39600,43200,46800,50400
