﻿職業類別,產業,1年以下,1~3年,3~5年,5~7年,7年以上
應用科學研究人員,電子科技╱資訊╱軟體╱半導體,60000,66000,72000,78000,84000
應用科學研究人員,一般傳統製造,61000,67100,73200,79300,85400
應用科學研究人員,政治╱宗教╱社福,78000,85800,93600,101400,109200
應用科學研究人員,法律╱會計╱顧問╱研發╱設計,38500,42400,46200,50100,53900
應用科學研究人員,醫療照護╱環境衛生,40000,44000,48000,52000,56000
應用科學研究人員,農林漁牧╱水電資源,50000,55000,60000,65000,70000
應用科學研究人員,教育╱出版╱藝文相關,58400,64200,70100,75900,81700
