﻿職業類別,產業,1年以下,1~3年,3~5年,5~7年,7年以上
教授／副教授／助理教授,電子科技╱資訊╱軟體╱半導體,70000,77000,84000,91000,98000
教授／副教授／助理教授,金融投顧╱保險相關,80000,88000,96000,104000,112000
教授／副教授／助理教授,醫療照護╱環境衛生,100000,110000,120000,130000,140000
教授／副教授／助理教授,旅遊╱休閒╱運動,50000,55000,60000,65000,70000
教授／副教授／助理教授,教育╱出版╱藝文相關,72000,79200,86400,93600,100800
