﻿職業類別,產業,1年以下,1~3年,3~5年,5~7年,7年以上
氣象相關研究人員,一般傳統製造,38000,41800,45600,49400,53200
氣象相關研究人員,政治╱宗教╱社福,57500,63300,69000,74800,80500
氣象相關研究人員,法律╱會計╱顧問╱研發╱設計,39500,43500,47400,51400,55300
氣象相關研究人員,醫療照護╱環境衛生,50000,55000,60000,65000,70000
氣象相關研究人員,農林漁牧╱水電資源,42000,46200,50400,54600,58800
氣象相關研究人員,教育╱出版╱藝文相關,38000,41800,45600,49400,53200
