﻿職業類別,產業,1年以下,1~3年,3~5年,5~7年,7年以上
生物學專業與研究人員,電子科技╱資訊╱軟體╱半導體,70000,77000,84000,91000,98000
生物學專業與研究人員,一般傳統製造,41000,45100,49200,53300,57400
生物學專業與研究人員,政治╱宗教╱社福,35500,39100,42600,46200,49700
生物學專業與研究人員,法律╱會計╱顧問╱研發╱設計,38700,42500,46400,50300,54100
生物學專業與研究人員,醫療照護╱環境衛生,37200,40900,44600,48300,52000
生物學專業與研究人員,農林漁牧╱水電資源,37000,40700,44400,48100,51800
生物學專業與研究人員,教育╱出版╱藝文相關,41000,45100,49200,53300,57400
