﻿職業類別,產業,1年以下,1~3年,3~5年,5~7年,7年以上
社會學研究人員,電子科技╱資訊╱軟體╱半導體,500000,550000,600000,650000,700000
社會學研究人員,政治╱宗教╱社福,35000,38500,42000,45500,49000
社會學研究人員,法律╱會計╱顧問╱研發╱設計,45000,49500,54000,58500,63000
社會學研究人員,醫療照護╱環境衛生,33000,36300,39600,42900,46200
社會學研究人員,一般服務業,700000,770000,840000,910000,980000
社會學研究人員,教育╱出版╱藝文相關,36900,40600,44300,47900,51600
