﻿職業類別,產業,1年以下,1~3年,3~5年,5~7年,7年以上
統計學研究人員,電子科技╱資訊╱軟體╱半導體,57300,63000,68700,74500,80200
統計學研究人員,一般傳統製造,57500,63300,69000,74800,80500
統計學研究人員,政治╱宗教╱社福,33200,36500,39800,43200,46500
統計學研究人員,金融投顧╱保險相關,46000,50600,55200,59800,64400
統計學研究人員,法律╱會計╱顧問╱研發╱設計,53500,58900,64200,69600,74900
統計學研究人員,醫療照護╱環境衛生,38000,41800,45600,49400,53200
統計學研究人員,一般服務業,40000,44000,48000,52000,56000
統計學研究人員,教育╱出版╱藝文相關,43600,48000,52300,56700,61100
