﻿職業類別,產業,1年以下,1~3年,3~5年,5~7年,7年以上
臨床／實驗室研究人員,電子科技╱資訊╱軟體╱半導體,35000,38500,42000,45500,49000
臨床／實驗室研究人員,一般傳統製造,42000,46200,50400,54600,58800
臨床／實驗室研究人員,政治╱宗教╱社福,41500,45700,49800,54000,58100
臨床／實驗室研究人員,法律╱會計╱顧問╱研發╱設計,42000,46200,50400,54600,58800
臨床／實驗室研究人員,醫療照護╱環境衛生,40000,44000,48000,52000,56000
臨床／實驗室研究人員,農林漁牧╱水電資源,29500,32400,35400,38300,41300
臨床／實驗室研究人員,教育╱出版╱藝文相關,60800,66900,73000,79100,85200
臨床／實驗室研究人員,批發╱零售,37500,41300,45000,48800,52500
