﻿職業類別,產業,1年以下,1~3年,3~5年,5~7年,7年以上
PCB-Layout佈局工程師,電子科技╱資訊╱軟體╱半導體,42000,46200,50400,54600,58800
PCB-Layout佈局工程師,一般傳統製造,40000,44000,48000,52000,56000
PCB-Layout佈局工程師,法律╱會計╱顧問╱研發╱設計,53000,58300,63600,68900,74200
PCB-Layout佈局工程師,建築營造╱不動產相關,48000,52800,57600,62400,67200
PCB-Layout佈局工程師,批發╱零售,25000,27500,30000,32500,35000
