﻿職業類別,產業,1年以下,1~3年,3~5年,5~7年,7年以上
光電／半導體工程助理,電子科技╱資訊╱軟體╱半導體,33000,36300,39600,42900,46200
光電／半導體工程助理,一般傳統製造,35000,38500,42000,45500,49000
光電／半導體工程助理,政治╱宗教╱社福,24000,26400,28800,31200,33600
光電／半導體工程助理,法律╱會計╱顧問╱研發╱設計,32000,35200,38400,41600,44800
光電／半導體工程助理,建築營造╱不動產相關,24000,26400,28800,31200,33600
光電／半導體工程助理,農林漁牧╱水電資源,34000,37400,40800,44200,47600
光電／半導體工程助理,一般服務業,33000,36300,39600,42900,46200
光電／半導體工程助理,批發╱零售,34000,37400,40800,44200,47600
