﻿職業類別,產業,1年以下,1~3年,3~5年,5~7年,7年以上
光電工程研發主管,電子科技╱資訊╱軟體╱半導體,77300,85100,92800,100500,108300
光電工程研發主管,一般傳統製造,46000,50600,55200,59800,64400
光電工程研發主管,法律╱會計╱顧問╱研發╱設計,73500,80900,88200,95600,102900
光電工程研發主管,建築營造╱不動產相關,90000,99000,108000,117000,126000
光電工程研發主管,農林漁牧╱水電資源,45200,49700,54200,58700,63200
