﻿職業類別,產業,1年以下,1~3年,3~5年,5~7年,7年以上
光電設備工程師,電子科技╱資訊╱軟體╱半導體,43000,47300,51600,55900,60200
光電設備工程師,一般傳統製造,39000,42900,46800,50700,54600
光電設備工程師,建築營造╱不動產相關,48000,52800,57600,62400,67200
光電設備工程師,農林漁牧╱水電資源,45000,49500,54000,58500,63000
光電設備工程師,一般服務業,35000,38500,42000,45500,49000
光電設備工程師,大眾傳播相關,35000,38500,42000,45500,49000
