﻿職業類別,產業,1年以下,1~3年,3~5年,5~7年,7年以上
半導體設備工程師,電子科技╱資訊╱軟體╱半導體,40000,44000,48000,52000,56000
半導體設備工程師,一般傳統製造,37000,40700,44400,48100,51800
半導體設備工程師,運輸物流╱倉儲╱貿易,32000,35200,38400,41600,44800
半導體設備工程師,建築營造╱不動產相關,40800,44900,49000,53100,57200
半導體設備工程師,農林漁牧╱水電資源,30000,33000,36000,39000,42000
半導體設備工程師,一般服務業,40000,44000,48000,52000,56000
