﻿職業類別,產業,1年以下,1~3年,3~5年,5~7年,7年以上
太陽能技術工程師,電子科技╱資訊╱軟體╱半導體,38000,41800,45600,49400,53200
太陽能技術工程師,一般傳統製造,33700,37100,40500,43900,47200
太陽能技術工程師,法律╱會計╱顧問╱研發╱設計,45000,49500,54000,58500,63000
太陽能技術工程師,建築營造╱不動產相關,45000,49500,54000,58500,63000
太陽能技術工程師,農林漁牧╱水電資源,40500,44600,48600,52700,56700
太陽能技術工程師,一般服務業,35000,38500,42000,45500,49000
太陽能技術工程師,大眾傳播相關,31000,34100,37200,40300,43400
