﻿職業類別,產業,1年以下,1~3年,3~5年,5~7年,7年以上
通訊工程研發主管,法律╱會計╱顧問╱研發╱設計,67500,74300,81000,87800,94500
通訊工程研發主管,一般傳統製造,42000,46200,50400,54600,58800
通訊工程研發主管,政治╱宗教╱社福,60000,66000,72000,78000,84000
通訊工程研發主管,運輸物流╱倉儲╱貿易,50000,55000,60000,65000,70000
通訊工程研發主管,電子科技╱資訊╱軟體╱半導體,86200,94800,103400,112000,120700
