﻿職業類別,產業,1年以下,1~3年,3~5年,5~7年,7年以上
電信／通訊系統工程師,農林漁牧╱水電資源,327500,360300,393000,425800,458500
電信／通訊系統工程師,運輸物流╱倉儲╱貿易,56000,61600,67200,72800,78400
電信／通訊系統工程師,建築營造╱不動產相關,36000,39600,43200,46800,50400
電信／通訊系統工程師,旅遊╱休閒╱運動,30000,33000,36000,39000,42000
電信／通訊系統工程師,大眾傳播相關,45000,49500,54000,58500,63000
電信／通訊系統工程師,教育╱出版╱藝文相關,45000,49500,54000,58500,63000
電信／通訊系統工程師,批發╱零售,32000,35200,38400,41600,44800
電信／通訊系統工程師,電子科技╱資訊╱軟體╱半導體,36000,39600,43200,46800,50400
電信／通訊系統工程師,一般傳統製造,33000,36300,39600,42900,46200
電信／通訊系統工程師,政治╱宗教╱社福,37000,40700,44400,48100,51800
