﻿職業類別,產業,1年以下,1~3年,3~5年,5~7年,7年以上
電子／通訊工程助理,電子科技╱資訊╱軟體╱半導體,30700,33800,36900,40000,43000
電子／通訊工程助理,一般傳統製造,30000,33000,36000,39000,42000
電子／通訊工程助理,政治╱宗教╱社福,33200,36500,39800,43100,46400
電子／通訊工程助理,法律╱會計╱顧問╱研發╱設計,26000,28600,31200,33800,36400
電子／通訊工程助理,運輸物流╱倉儲╱貿易,28000,30800,33600,36400,39200
電子／通訊工程助理,一般服務業,39500,43500,47400,51400,55300
電子／通訊工程助理,批發╱零售,27500,30300,33000,35800,38500
