﻿職業類別,產業,1年以下,1~3年,3~5年,5~7年,7年以上
保全工程技術人員,電子科技╱資訊╱軟體╱半導體,38500,42400,46200,50100,53900
保全工程技術人員,一般傳統製造,34500,38000,41400,44900,48300
保全工程技術人員,礦業╱土石能源採取,30000,33000,36000,39000,42000
保全工程技術人員,金融投顧╱保險相關,40000,44000,48000,52000,56000
保全工程技術人員,法律╱會計╱顧問╱研發╱設計,34000,37400,40800,44200,47600
保全工程技術人員,運輸物流╱倉儲╱貿易,41000,45100,49200,53300,57400
保全工程技術人員,建築營造╱不動產相關,35000,38500,42000,45500,49000
保全工程技術人員,醫療照護╱環境衛生,45000,49500,54000,58500,63000
保全工程技術人員,農林漁牧╱水電資源,37000,40700,44400,48100,51800
保全工程技術人員,一般服務業,38000,41800,45600,49400,53200
保全工程技術人員,旅遊╱休閒╱運動,38000,41800,45600,49400,53200
保全工程技術人員,餐飲╱住宿服務,35000,38500,42000,45500,49000
保全工程技術人員,大眾傳播相關,38800,42700,46600,50500,54400
