﻿職業類別,產業,1年以下,1~3年,3~5年,5~7年,7年以上
公家機關相關人員,電子科技╱資訊╱軟體╱半導體,34000,37400,40800,44200,47600
公家機關相關人員,一般傳統製造,50000,55000,60000,65000,70000
公家機關相關人員,政治╱宗教╱社福,36000,39600,43200,46800,50400
公家機關相關人員,金融投顧╱保險相關,35000,38500,42000,45500,49000
公家機關相關人員,法律╱會計╱顧問╱研發╱設計,45000,49500,54000,58500,63000
公家機關相關人員,運輸物流╱倉儲╱貿易,32500,35800,39000,42300,45500
公家機關相關人員,建築營造╱不動產相關,40000,44000,48000,52000,56000
公家機關相關人員,醫療照護╱環境衛生,35000,38500,42000,45500,49000
公家機關相關人員,農林漁牧╱水電資源,34000,37400,40800,44200,47600
公家機關相關人員,一般服務業,34300,37700,41100,44500,47900
公家機關相關人員,旅遊╱休閒╱運動,35500,39100,42600,46200,49700
公家機關相關人員,餐飲╱住宿服務,80000,88000,96000,104000,112000
公家機關相關人員,大眾傳播相關,31900,35100,38300,41500,44700
公家機關相關人員,教育╱出版╱藝文相關,32800,36100,39300,42600,45900
