﻿職業類別,產業,1年以下,1~3年,3~5年,5~7年,7年以上
志願役軍官／士官／士兵,電子科技╱資訊╱軟體╱半導體,41000,45100,49200,53300,57400
志願役軍官／士官／士兵,一般傳統製造,43500,47800,52200,56500,60900
志願役軍官／士官／士兵,礦業╱土石能源採取,36500,40200,43800,47500,51100
志願役軍官／士官／士兵,政治╱宗教╱社福,40000,44000,48000,52000,56000
志願役軍官／士官／士兵,金融投顧╱保險相關,40000,44000,48000,52000,56000
志願役軍官／士官／士兵,法律╱會計╱顧問╱研發╱設計,43000,47300,51600,55900,60200
志願役軍官／士官／士兵,運輸物流╱倉儲╱貿易,40000,44000,48000,52000,56000
志願役軍官／士官／士兵,建築營造╱不動產相關,40000,44000,48000,52000,56000
志願役軍官／士官／士兵,醫療照護╱環境衛生,40000,44000,48000,52000,56000
志願役軍官／士官／士兵,農林漁牧╱水電資源,41500,45700,49800,54000,58100
志願役軍官／士官／士兵,一般服務業,40000,44000,48000,52000,56000
志願役軍官／士官／士兵,旅遊╱休閒╱運動,39500,43500,47400,51400,55300
志願役軍官／士官／士兵,餐飲╱住宿服務,37000,40700,44400,48100,51800
志願役軍官／士官／士兵,大眾傳播相關,37000,40700,44400,48100,51800
志願役軍官／士官／士兵,教育╱出版╱藝文相關,45000,49500,54000,58500,63000
志願役軍官／士官／士兵,批發╱零售,40000,44000,48000,52000,56000
