﻿職業類別,產業,1年以下,1~3年,3~5年,5~7年,7年以上
消防類相關人員,電子科技╱資訊╱軟體╱半導體,33500,36900,40200,43600,46900
消防類相關人員,一般傳統製造,39400,43400,47300,51300,55200
消防類相關人員,礦業╱土石能源採取,33000,36300,39600,42900,46200
消防類相關人員,政治╱宗教╱社福,60000,66000,72000,78000,84000
消防類相關人員,金融投顧╱保險相關,51000,56100,61200,66300,71400
消防類相關人員,法律╱會計╱顧問╱研發╱設計,36000,39600,43200,46800,50400
消防類相關人員,運輸物流╱倉儲╱貿易,32500,35800,39000,42300,45500
消防類相關人員,建築營造╱不動產相關,35000,38500,42000,45500,49000
消防類相關人員,醫療照護╱環境衛生,37000,40700,44400,48100,51800
消防類相關人員,農林漁牧╱水電資源,35000,38500,42000,45500,49000
消防類相關人員,一般服務業,32000,35200,38400,41600,44800
消防類相關人員,旅遊╱休閒╱運動,32500,35800,39000,42300,45500
消防類相關人員,餐飲╱住宿服務,36000,39600,43200,46800,50400
消防類相關人員,批發╱零售,31500,34700,37800,41000,44100
