﻿職業類別,產業,1年以下,1~3年,3~5年,5~7年,7年以上
傳播媒體編輯企劃,電子科技╱資訊╱軟體╱半導體,35000,38500,42000,45500,49000
傳播媒體編輯企劃,一般傳統製造,34000,37400,40800,44200,47600
傳播媒體編輯企劃,政治╱宗教╱社福,38000,41800,45600,49400,53200
傳播媒體編輯企劃,金融投顧╱保險相關,40900,45000,49100,53200,57200
傳播媒體編輯企劃,建築營造╱不動產相關,37000,40700,44400,48100,51800
傳播媒體編輯企劃,醫療照護╱環境衛生,46000,50600,55200,59800,64400
傳播媒體編輯企劃,農林漁牧╱水電資源,23800,26200,28600,31000,33400
傳播媒體編輯企劃,一般服務業,42000,46200,50400,54600,58800
傳播媒體編輯企劃,旅遊╱休閒╱運動,34000,37400,40800,44200,47600
傳播媒體編輯企劃,大眾傳播相關,35000,38500,42000,45500,49000
傳播媒體編輯企劃,教育╱出版╱藝文相關,37000,40700,44400,48100,51800
傳播媒體編輯企劃,批發╱零售,40000,44000,48000,52000,56000
