﻿職業類別,產業,1年以下,1~3年,3~5年,5~7年,7年以上
其他語言翻譯／口譯人員,電子科技╱資訊╱軟體╱半導體,37800,41600,45300,49100,52900
其他語言翻譯／口譯人員,一般傳統製造,36800,40500,44100,47800,51500
其他語言翻譯／口譯人員,政治╱宗教╱社福,33000,36300,39600,42900,46200
其他語言翻譯／口譯人員,金融投顧╱保險相關,30000,33000,36000,39000,42000
其他語言翻譯／口譯人員,法律╱會計╱顧問╱研發╱設計,32500,35800,39000,42300,45500
其他語言翻譯／口譯人員,運輸物流╱倉儲╱貿易,36000,39600,43200,46800,50400
其他語言翻譯／口譯人員,建築營造╱不動產相關,40000,44000,48000,52000,56000
其他語言翻譯／口譯人員,醫療照護╱環境衛生,45000,49500,54000,58500,63000
其他語言翻譯／口譯人員,農林漁牧╱水電資源,130000,143000,156000,169000,182000
其他語言翻譯／口譯人員,一般服務業,32000,35200,38400,41600,44800
其他語言翻譯／口譯人員,旅遊╱休閒╱運動,35000,38500,42000,45500,49000
其他語言翻譯／口譯人員,餐飲╱住宿服務,40000,44000,48000,52000,56000
其他語言翻譯／口譯人員,大眾傳播相關,37500,41300,45000,48800,52500
其他語言翻譯／口譯人員,教育╱出版╱藝文相關,31200,34300,37400,40500,43700
其他語言翻譯／口譯人員,批發╱零售,30000,33000,36000,39000,42000
