﻿職業類別,產業,1年以下,1~3年,3~5年,5~7年,7年以上
影片製作技術人員,電子科技╱資訊╱軟體╱半導體,35000,38500,42000,45500,49000
影片製作技術人員,一般傳統製造,35000,38500,42000,45500,49000
影片製作技術人員,政治╱宗教╱社福,32000,35200,38400,41600,44800
影片製作技術人員,金融投顧╱保險相關,35000,38500,42000,45500,49000
影片製作技術人員,法律╱會計╱顧問╱研發╱設計,30000,33000,36000,39000,42000
影片製作技術人員,運輸物流╱倉儲╱貿易,28000,30800,33600,36400,39200
影片製作技術人員,建築營造╱不動產相關,32300,35500,38700,42000,45200
影片製作技術人員,醫療照護╱環境衛生,37000,40700,44400,48100,51800
影片製作技術人員,農林漁牧╱水電資源,32500,35800,39000,42300,45500
影片製作技術人員,一般服務業,32000,35200,38400,41600,44800
影片製作技術人員,旅遊╱休閒╱運動,31000,34100,37200,40300,43400
影片製作技術人員,餐飲╱住宿服務,34000,37400,40800,44200,47600
影片製作技術人員,大眾傳播相關,33000,36300,39600,42900,46200
影片製作技術人員,教育╱出版╱藝文相關,33000,36300,39600,42900,46200
影片製作技術人員,批發╱零售,33500,36900,40200,43600,46900
