﻿職業類別,產業,1年以下,1~3年,3~5年,5~7年,7年以上
技術文件／說明書編譯,電子科技╱資訊╱軟體╱半導體,50000,55000,60000,65000,70000
技術文件／說明書編譯,一般傳統製造,40000,44000,48000,52000,56000
技術文件／說明書編譯,法律╱會計╱顧問╱研發╱設計,50000,55000,60000,65000,70000
技術文件／說明書編譯,運輸物流╱倉儲╱貿易,30000,33000,36000,39000,42000
技術文件／說明書編譯,教育╱出版╱藝文相關,45000,49500,54000,58500,63000
