﻿職業類別,產業,1年以下,1~3年,3~5年,5~7年,7年以上
新聞／傳播媒體主管,電子科技╱資訊╱軟體╱半導體,50000,55000,60000,65000,70000
新聞／傳播媒體主管,政治╱宗教╱社福,60000,66000,72000,78000,84000
新聞／傳播媒體主管,金融投顧╱保險相關,40000,44000,48000,52000,56000
新聞／傳播媒體主管,法律╱會計╱顧問╱研發╱設計,55000,60500,66000,71500,77000
新聞／傳播媒體主管,旅遊╱休閒╱運動,55000,60500,66000,71500,77000
新聞／傳播媒體主管,大眾傳播相關,53000,58300,63600,68900,74200
新聞／傳播媒體主管,教育╱出版╱藝文相關,75000,82500,90000,97500,105000
新聞／傳播媒體主管,批發╱零售,25500,28100,30600,33200,35700
