﻿職業類別,產業,1年以下,1~3年,3~5年,5~7年,7年以上
日文翻譯／口譯人員,電子科技╱資訊╱軟體╱半導體,36300,39900,43500,47200,50800
日文翻譯／口譯人員,一般傳統製造,35000,38500,42000,45500,49000
日文翻譯／口譯人員,礦業╱土石能源採取,780000,858000,936000,1014000,1092000
日文翻譯／口譯人員,金融投顧╱保險相關,72000,79200,86400,93600,100800
日文翻譯／口譯人員,法律╱會計╱顧問╱研發╱設計,42000,46200,50400,54600,58800
日文翻譯／口譯人員,運輸物流╱倉儲╱貿易,35000,38500,42000,45500,49000
日文翻譯／口譯人員,建築營造╱不動產相關,46000,50600,55200,59800,64400
日文翻譯／口譯人員,醫療照護╱環境衛生,31500,34700,37800,41000,44100
日文翻譯／口譯人員,農林漁牧╱水電資源,60000,66000,72000,78000,84000
日文翻譯／口譯人員,一般服務業,40000,44000,48000,52000,56000
日文翻譯／口譯人員,旅遊╱休閒╱運動,37000,40700,44400,48100,51800
日文翻譯／口譯人員,餐飲╱住宿服務,32300,35500,38700,42000,45200
日文翻譯／口譯人員,大眾傳播相關,35000,38500,42000,45500,49000
日文翻譯／口譯人員,教育╱出版╱藝文相關,40000,44000,48000,52000,56000
日文翻譯／口譯人員,批發╱零售,34000,37400,40800,44200,47600
