﻿職業類別,產業,1年以下,1~3年,3~5年,5~7年,7年以上
棚內技術工程人員,電子科技╱資訊╱軟體╱半導體,35000,38500,42000,45500,49000
棚內技術工程人員,政治╱宗教╱社福,30000,33000,36000,39000,42000
棚內技術工程人員,金融投顧╱保險相關,45500,50100,54600,59200,63700
棚內技術工程人員,建築營造╱不動產相關,28000,30800,33600,36400,39200
棚內技術工程人員,一般服務業,29300,32200,35100,38100,41000
棚內技術工程人員,旅遊╱休閒╱運動,31500,34700,37800,41000,44100
棚內技術工程人員,大眾傳播相關,37000,40700,44400,48100,51800
棚內技術工程人員,教育╱出版╱藝文相關,38000,41800,45600,49400,53200
棚內技術工程人員,批發╱零售,35300,38800,42300,45900,49400
