﻿職業類別,產業,1年以下,1~3年,3~5年,5~7年,7年以上
樂器演奏／合成音樂,電子科技╱資訊╱軟體╱半導體,45000,49500,54000,58500,63000
樂器演奏／合成音樂,一般傳統製造,30000,33000,36000,39000,42000
樂器演奏／合成音樂,旅遊╱休閒╱運動,400000,440000,480000,520000,560000
樂器演奏／合成音樂,大眾傳播相關,28000,30800,33600,36400,39200
樂器演奏／合成音樂,教育╱出版╱藝文相關,32000,35200,38400,41600,44800
