﻿職業類別,產業,1年以下,1~3年,3~5年,5~7年,7年以上
演藝經紀／宣傳人員,電子科技╱資訊╱軟體╱半導體,31000,34100,37200,40300,43400
演藝經紀／宣傳人員,旅遊╱休閒╱運動,70000,77000,84000,91000,98000
演藝經紀／宣傳人員,餐飲╱住宿服務,50000,55000,60000,65000,70000
演藝經紀／宣傳人員,大眾傳播相關,35000,38500,42000,45500,49000
演藝經紀／宣傳人員,教育╱出版╱藝文相關,33000,36300,39600,42900,46200
