﻿職業類別,產業,1年以下,1~3年,3~5年,5~7年,7年以上
舞台搭設工程人員,一般傳統製造,30000,33000,36000,39000,42000
舞台搭設工程人員,運輸物流╱倉儲╱貿易,49000,53900,58800,63700,68600
舞台搭設工程人員,建築營造╱不動產相關,30000,33000,36000,39000,42000
舞台搭設工程人員,一般服務業,30000,33000,36000,39000,42000
舞台搭設工程人員,旅遊╱休閒╱運動,34500,38000,41400,44900,48300
舞台搭設工程人員,大眾傳播相關,36000,39600,43200,46800,50400
舞台搭設工程人員,教育╱出版╱藝文相關,36000,39600,43200,46800,50400
