﻿職業類別,產業,1年以下,1~3年,3~5年,5~7年,7年以上
英文翻譯／口譯人員,電子科技╱資訊╱軟體╱半導體,35000,38500,42000,45500,49000
英文翻譯／口譯人員,一般傳統製造,37500,41300,45000,48800,52500
英文翻譯／口譯人員,礦業╱土石能源採取,35000,38500,42000,45500,49000
英文翻譯／口譯人員,政治╱宗教╱社福,42000,46200,50400,54600,58800
英文翻譯／口譯人員,金融投顧╱保險相關,41000,45100,49200,53300,57400
英文翻譯／口譯人員,法律╱會計╱顧問╱研發╱設計,40000,44000,48000,52000,56000
英文翻譯／口譯人員,運輸物流╱倉儲╱貿易,35000,38500,42000,45500,49000
英文翻譯／口譯人員,建築營造╱不動產相關,45000,49500,54000,58500,63000
英文翻譯／口譯人員,醫療照護╱環境衛生,43000,47300,51600,55900,60200
英文翻譯／口譯人員,一般服務業,32000,35200,38400,41600,44800
英文翻譯／口譯人員,旅遊╱休閒╱運動,39000,42900,46800,50700,54600
英文翻譯／口譯人員,餐飲╱住宿服務,30000,33000,36000,39000,42000
英文翻譯／口譯人員,大眾傳播相關,37000,40700,44400,48100,51800
英文翻譯／口譯人員,教育╱出版╱藝文相關,38000,41800,45600,49400,53200
英文翻譯／口譯人員,批發╱零售,32500,35800,39000,42300,45500
