﻿職業類別,產業,1年以下,1~3年,3~5年,5~7年,7年以上
藝術指導／藝術總監,電子科技╱資訊╱軟體╱半導體,83000,91300,99600,107900,116200
藝術指導／藝術總監,一般傳統製造,55000,60500,66000,71500,77000
藝術指導／藝術總監,政治╱宗教╱社福,35000,38500,42000,45500,49000
藝術指導／藝術總監,法律╱會計╱顧問╱研發╱設計,110000,121000,132000,143000,154000
藝術指導／藝術總監,建築營造╱不動產相關,40000,44000,48000,52000,56000
藝術指導／藝術總監,一般服務業,42000,46200,50400,54600,58800
藝術指導／藝術總監,餐飲╱住宿服務,60000,66000,72000,78000,84000
藝術指導／藝術總監,大眾傳播相關,48000,52800,57600,62400,67200
藝術指導／藝術總監,教育╱出版╱藝文相關,53000,58300,63600,68900,74200
藝術指導／藝術總監,批發╱零售,46500,51200,55800,60500,65100
