﻿職業類別,產業,1年以下,1~3年,3~5年,5~7年,7年以上
音響／音控技術人員,電子科技╱資訊╱軟體╱半導體,34000,37400,40800,44200,47600
音響／音控技術人員,一般傳統製造,28200,31100,33900,36700,39500
音響／音控技術人員,政治╱宗教╱社福,35800,39400,42900,46500,50100
音響／音控技術人員,法律╱會計╱顧問╱研發╱設計,29000,31900,34800,37700,40600
音響／音控技術人員,建築營造╱不動產相關,32000,35200,38400,41600,44800
音響／音控技術人員,一般服務業,30000,33000,36000,39000,42000
音響／音控技術人員,旅遊╱休閒╱運動,32500,35800,39000,42300,45500
音響／音控技術人員,餐飲╱住宿服務,35000,38500,42000,45500,49000
音響／音控技術人員,大眾傳播相關,35000,38500,42000,45500,49000
音響／音控技術人員,教育╱出版╱藝文相關,32000,35200,38400,41600,44800
音響／音控技術人員,批發╱零售,30000,33000,36000,39000,42000
