﻿職業類別,產業,1年以下,1~3年,3~5年,5~7年,7年以上
EMC／安規工程人員,電子科技╱資訊╱軟體╱半導體,50000,55000,60000,65000,70000
EMC／安規工程人員,一般傳統製造,50500,55600,60600,65700,70700
EMC／安規工程人員,法律╱會計╱顧問╱研發╱設計,37300,41000,44700,48500,52200
EMC／安規工程人員,運輸物流╱倉儲╱貿易,425000,467500,510000,552500,595000
EMC／安規工程人員,農林漁牧╱水電資源,45000,49500,54000,58500,63000
EMC／安規工程人員,一般服務業,38000,41800,45600,49400,53200
