﻿職業類別,產業,1年以下,1~3年,3~5年,5~7年,7年以上
ISO品保人員,電子科技╱資訊╱軟體╱半導體,32000,35200,38400,41600,44800
ISO品保人員,一般傳統製造,31000,34100,37200,40300,43400
ISO品保人員,礦業╱土石能源採取,31000,34100,37200,40300,43400
ISO品保人員,政治╱宗教╱社福,32000,35200,38400,41600,44800
ISO品保人員,法律╱會計╱顧問╱研發╱設計,36000,39600,43200,46800,50400
ISO品保人員,運輸物流╱倉儲╱貿易,30000,33000,36000,39000,42000
ISO品保人員,建築營造╱不動產相關,28000,30800,33600,36400,39200
ISO品保人員,醫療照護╱環境衛生,36500,40200,43800,47500,51100
ISO品保人員,農林漁牧╱水電資源,30500,33600,36600,39700,42700
ISO品保人員,一般服務業,31000,34100,37200,40300,43400
ISO品保人員,餐飲╱住宿服務,42000,46200,50400,54600,58800
ISO品保人員,教育╱出版╱藝文相關,38000,41800,45600,49400,53200
ISO品保人員,批發╱零售,34500,38000,41400,44900,48300
