﻿職業類別,產業,1年以下,1~3年,3~5年,5~7年,7年以上
小客車／小貨車司機,電子科技╱資訊╱軟體╱半導體,36000,39600,43200,46800,50400
小客車／小貨車司機,一般傳統製造,35000,38500,42000,45500,49000
小客車／小貨車司機,礦業╱土石能源採取,41000,45100,49200,53300,57400
小客車／小貨車司機,政治╱宗教╱社福,32000,35200,38400,41600,44800
小客車／小貨車司機,金融投顧╱保險相關,43500,47900,52200,56600,60900
小客車／小貨車司機,法律╱會計╱顧問╱研發╱設計,35000,38500,42000,45500,49000
小客車／小貨車司機,運輸物流╱倉儲╱貿易,38000,41800,45600,49400,53200
小客車／小貨車司機,建築營造╱不動產相關,39000,42900,46800,50700,54600
小客車／小貨車司機,醫療照護╱環境衛生,33000,36300,39600,42900,46200
小客車／小貨車司機,農林漁牧╱水電資源,36400,40000,43700,47300,50900
小客車／小貨車司機,一般服務業,36000,39600,43200,46800,50400
小客車／小貨車司機,旅遊╱休閒╱運動,40000,44000,48000,52000,56000
小客車／小貨車司機,餐飲╱住宿服務,35000,38500,42000,45500,49000
小客車／小貨車司機,大眾傳播相關,34000,37400,40800,44200,47600
小客車／小貨車司機,教育╱出版╱藝文相關,30000,33000,36000,39000,42000
小客車／小貨車司機,批發╱零售,36000,39600,43200,46800,50400
