﻿職業類別,產業,1年以下,1~3年,3~5年,5~7年,7年以上
工廠安全衛生人員,電子科技╱資訊╱軟體╱半導體,36000,39600,43200,46800,50400
工廠安全衛生人員,一般傳統製造,34300,37700,41100,44600,48000
工廠安全衛生人員,礦業╱土石能源採取,37000,40700,44400,48100,51800
工廠安全衛生人員,政治╱宗教╱社福,39000,42900,46800,50700,54600
工廠安全衛生人員,法律╱會計╱顧問╱研發╱設計,32500,35800,39000,42300,45500
工廠安全衛生人員,運輸物流╱倉儲╱貿易,31000,34100,37200,40300,43400
工廠安全衛生人員,建築營造╱不動產相關,32000,35200,38400,41600,44800
工廠安全衛生人員,醫療照護╱環境衛生,34000,37400,40800,44200,47600
工廠安全衛生人員,農林漁牧╱水電資源,30000,33000,36000,39000,42000
工廠安全衛生人員,一般服務業,34000,37400,40800,44200,47600
工廠安全衛生人員,餐飲╱住宿服務,25700,28300,30900,33500,36000
工廠安全衛生人員,教育╱出版╱藝文相關,61000,67100,73200,79200,85300
工廠安全衛生人員,批發╱零售,32000,35200,38400,41600,44800
