﻿職業類別,產業,1年以下,1~3年,3~5年,5~7年,7年以上
食品衛生管理師,一般傳統製造,33000,36300,39600,42900,46200
食品衛生管理師,金融投顧╱保險相關,31200,34400,37500,40600,43700
食品衛生管理師,法律╱會計╱顧問╱研發╱設計,35000,38500,42000,45500,49000
食品衛生管理師,運輸物流╱倉儲╱貿易,32000,35200,38400,41600,44800
食品衛生管理師,醫療照護╱環境衛生,30000,33000,36000,39000,42000
食品衛生管理師,農林漁牧╱水電資源,26400,29100,31700,34400,37000
食品衛生管理師,旅遊╱休閒╱運動,38000,41800,45600,49400,53200
食品衛生管理師,餐飲╱住宿服務,32000,35200,38400,41600,44800
食品衛生管理師,批發╱零售,31500,34700,37800,41000,44100
