﻿職業類別,產業,1年以下,1~3年,3~5年,5~7年,7年以上
冷凍空調繪圖／設計,電子科技╱資訊╱軟體╱半導體,70400,77500,84500,91600,98600
冷凍空調繪圖／設計,一般傳統製造,31500,34700,37800,41000,44100
冷凍空調繪圖／設計,法律╱會計╱顧問╱研發╱設計,45000,49500,54000,58500,63000
冷凍空調繪圖／設計,建築營造╱不動產相關,35000,38500,42000,45500,49000
冷凍空調繪圖／設計,醫療照護╱環境衛生,45000,49500,54000,58500,63000
冷凍空調繪圖／設計,農林漁牧╱水電資源,33000,36300,39600,42900,46200
冷凍空調繪圖／設計,批發╱零售,32500,35800,39000,42300,45500
