﻿職業類別,產業,1年以下,1~3年,3~5年,5~7年,7年以上
吊車／起重機相關操作人員,電子科技╱資訊╱軟體╱半導體,45000,49500,54000,58500,63000
吊車／起重機相關操作人員,一般傳統製造,35000,38500,42000,45500,49000
吊車／起重機相關操作人員,礦業╱土石能源採取,37500,41300,45000,48800,52500
吊車／起重機相關操作人員,法律╱會計╱顧問╱研發╱設計,26500,29200,31800,34500,37100
吊車／起重機相關操作人員,運輸物流╱倉儲╱貿易,45000,49500,54000,58500,63000
吊車／起重機相關操作人員,建築營造╱不動產相關,45400,50000,54500,59100,63600
吊車／起重機相關操作人員,醫療照護╱環境衛生,35000,38500,42000,45500,49000
吊車／起重機相關操作人員,農林漁牧╱水電資源,42000,46200,50400,54600,58800
吊車／起重機相關操作人員,一般服務業,40000,44000,48000,52000,56000
