﻿職業類別,產業,1年以下,1~3年,3~5年,5~7年,7年以上
工地安全衛生工程師,電子科技╱資訊╱軟體╱半導體,36500,40200,43800,47500,51100
工地安全衛生工程師,一般傳統製造,40000,44000,48000,52000,56000
工地安全衛生工程師,礦業╱土石能源採取,32000,35200,38400,41600,44800
工地安全衛生工程師,政治╱宗教╱社福,45500,50100,54600,59200,63700
工地安全衛生工程師,法律╱會計╱顧問╱研發╱設計,40000,44000,48000,52000,56000
工地安全衛生工程師,運輸物流╱倉儲╱貿易,38000,41800,45600,49400,53200
工地安全衛生工程師,建築營造╱不動產相關,43000,47300,51600,55900,60200
工地安全衛生工程師,醫療照護╱環境衛生,38000,41800,45600,49400,53200
工地安全衛生工程師,農林漁牧╱水電資源,43000,47300,51600,55900,60200
工地安全衛生工程師,一般服務業,45000,49500,54000,58500,63000
工地安全衛生工程師,教育╱出版╱藝文相關,45000,49500,54000,58500,63000
工地安全衛生工程師,批發╱零售,33000,36300,39600,42900,46200
