﻿職業類別,產業,1年以下,1~3年,3~5年,5~7年,7年以上
工地品管員／工程師,電子科技╱資訊╱軟體╱半導體,42000,46200,50400,54600,58800
工地品管員／工程師,一般傳統製造,40000,44000,48000,52000,56000
工地品管員／工程師,礦業╱土石能源採取,45000,49500,54000,58500,63000
工地品管員／工程師,政治╱宗教╱社福,46000,50600,55200,59800,64400
工地品管員／工程師,法律╱會計╱顧問╱研發╱設計,50000,55000,60000,65000,70000
工地品管員／工程師,運輸物流╱倉儲╱貿易,46800,51500,56200,60900,65600
工地品管員／工程師,建築營造╱不動產相關,47000,51700,56400,61100,65800
工地品管員／工程師,醫療照護╱環境衛生,41000,45100,49200,53300,57400
工地品管員／工程師,農林漁牧╱水電資源,42000,46200,50400,54600,58800
工地品管員／工程師,一般服務業,43000,47300,51600,55900,60200
工地品管員／工程師,批發╱零售,45000,49500,54000,58500,63000
