﻿職業類別,產業,1年以下,1~3年,3~5年,5~7年,7年以上
挖土／推土機相關操作人員,電子科技╱資訊╱軟體╱半導體,40000,44000,48000,52000,56000
挖土／推土機相關操作人員,一般傳統製造,45000,49500,54000,58500,63000
挖土／推土機相關操作人員,礦業╱土石能源採取,40000,44000,48000,52000,56000
挖土／推土機相關操作人員,政治╱宗教╱社福,42000,46200,50400,54600,58800
挖土／推土機相關操作人員,運輸物流╱倉儲╱貿易,45000,49500,54000,58500,63000
挖土／推土機相關操作人員,建築營造╱不動產相關,50000,55000,60000,65000,70000
挖土／推土機相關操作人員,醫療照護╱環境衛生,48000,52800,57600,62400,67200
挖土／推土機相關操作人員,農林漁牧╱水電資源,45000,49500,54000,58500,63000
挖土／推土機相關操作人員,一般服務業,67500,74300,81000,87800,94500
挖土／推土機相關操作人員,旅遊╱休閒╱運動,30000,33000,36000,39000,42000
挖土／推土機相關操作人員,餐飲╱住宿服務,35000,38500,42000,45500,49000
挖土／推土機相關操作人員,教育╱出版╱藝文相關,43000,47300,51600,55900,60200
