﻿職業類別,產業,1年以下,1~3年,3~5年,5~7年,7年以上
水電及其他工程繪圖人員,電子科技╱資訊╱軟體╱半導體,34000,37400,40800,44200,47600
水電及其他工程繪圖人員,一般傳統製造,32000,35200,38400,41600,44800
水電及其他工程繪圖人員,法律╱會計╱顧問╱研發╱設計,31000,34100,37200,40300,43400
水電及其他工程繪圖人員,運輸物流╱倉儲╱貿易,44500,49000,53400,57900,62300
水電及其他工程繪圖人員,建築營造╱不動產相關,36000,39600,43200,46800,50400
水電及其他工程繪圖人員,醫療照護╱環境衛生,40000,44000,48000,52000,56000
水電及其他工程繪圖人員,農林漁牧╱水電資源,35000,38500,42000,45500,49000
水電及其他工程繪圖人員,一般服務業,39000,42900,46800,50700,54600
水電及其他工程繪圖人員,批發╱零售,30000,33000,36000,39000,42000
