﻿職業類別,產業,1年以下,1~3年,3~5年,5~7年,7年以上
泥水工相關人員,一般傳統製造,32500,35800,39000,42300,45500
泥水工相關人員,礦業╱土石能源採取,37500,41300,45000,48800,52500
泥水工相關人員,運輸物流╱倉儲╱貿易,45000,49500,54000,58500,63000
泥水工相關人員,建築營造╱不動產相關,40000,44000,48000,52000,56000
泥水工相關人員,醫療照護╱環境衛生,28000,30800,33600,36400,39200
泥水工相關人員,一般服務業,32500,35800,39000,42300,45500
泥水工相關人員,批發╱零售,33000,36300,39600,42900,46200
