﻿職業類別,產業,1年以下,1~3年,3~5年,5~7年,7年以上
現場規劃工程師,電子科技╱資訊╱軟體╱半導體,40000,44000,48000,52000,56000
現場規劃工程師,一般傳統製造,49500,54500,59400,64400,69300
現場規劃工程師,礦業╱土石能源採取,47500,52300,57000,61800,66500
現場規劃工程師,政治╱宗教╱社福,51100,56300,61400,66500,71600
現場規劃工程師,運輸物流╱倉儲╱貿易,45000,49500,54000,58500,63000
現場規劃工程師,建築營造╱不動產相關,43000,47300,51600,55900,60200
現場規劃工程師,醫療照護╱環境衛生,48000,52800,57600,62400,67200
現場規劃工程師,農林漁牧╱水電資源,46000,50600,55200,59800,64400
現場規劃工程師,一般服務業,40000,44000,48000,52000,56000
現場規劃工程師,餐飲╱住宿服務,42000,46200,50400,54600,58800
現場規劃工程師,大眾傳播相關,42000,46200,50400,54600,58800
現場規劃工程師,教育╱出版╱藝文相關,35000,38500,42000,45500,49000
現場規劃工程師,批發╱零售,33000,36300,39600,42900,46200
