﻿職業類別,產業,1年以下,1~3年,3~5年,5~7年,7年以上
結構技師／工程師,電子科技╱資訊╱軟體╱半導體,36000,39600,43200,46800,50400
結構技師／工程師,一般傳統製造,36300,39900,43500,47200,50800
結構技師／工程師,法律╱會計╱顧問╱研發╱設計,35000,38500,42000,45500,49000
結構技師／工程師,建築營造╱不動產相關,45000,49500,54000,58500,63000
結構技師／工程師,農林漁牧╱水電資源,45000,49500,54000,58500,63000
結構技師／工程師,批發╱零售,38000,41800,45600,49400,53200
