﻿職業類別,產業,1年以下,1~3年,3~5年,5~7年,7年以上
都市／交通規劃人員,電子科技╱資訊╱軟體╱半導體,58000,63800,69600,75400,81200
都市／交通規劃人員,一般傳統製造,40000,44000,48000,52000,56000
都市／交通規劃人員,政治╱宗教╱社福,35000,38500,41900,45400,48900
都市／交通規劃人員,法律╱會計╱顧問╱研發╱設計,38000,41800,45600,49400,53200
都市／交通規劃人員,運輸物流╱倉儲╱貿易,38000,41800,45600,49400,53200
都市／交通規劃人員,建築營造╱不動產相關,37500,41300,45000,48800,52500
都市／交通規劃人員,旅遊╱休閒╱運動,30000,33000,36000,39000,42000
都市／交通規劃人員,餐飲╱住宿服務,35000,38500,42000,45500,49000
都市／交通規劃人員,教育╱出版╱藝文相關,32000,35200,38400,41600,44800
