﻿職業類別,產業,1年以下,1~3年,3~5年,5~7年,7年以上
重機械操作人員,電子科技╱資訊╱軟體╱半導體,27000,29700,32400,35100,37800
重機械操作人員,一般傳統製造,36000,39600,43200,46800,50400
重機械操作人員,礦業╱土石能源採取,41000,45100,49200,53300,57400
重機械操作人員,政治╱宗教╱社福,44000,48400,52800,57200,61600
重機械操作人員,運輸物流╱倉儲╱貿易,47500,52300,57000,61800,66500
重機械操作人員,建築營造╱不動產相關,42000,46200,50400,54600,58800
重機械操作人員,醫療照護╱環境衛生,42000,46200,50400,54600,58800
重機械操作人員,農林漁牧╱水電資源,42500,46800,51000,55300,59500
重機械操作人員,一般服務業,40700,44800,48900,53000,57000
重機械操作人員,批發╱零售,42000,46200,50400,54600,58800
