﻿職業類別,產業,1年以下,1~3年,3~5年,5~7年,7年以上
金屬建材架構人員,電子科技╱資訊╱軟體╱半導體,50000,55000,60000,65000,70000
金屬建材架構人員,一般傳統製造,40000,44000,48000,52000,56000
金屬建材架構人員,礦業╱土石能源採取,100000,110000,120000,130000,140000
金屬建材架構人員,運輸物流╱倉儲╱貿易,47000,51700,56400,61100,65800
金屬建材架構人員,建築營造╱不動產相關,40000,44000,48000,52000,56000
金屬建材架構人員,農林漁牧╱水電資源,39000,42900,46800,50700,54600
金屬建材架構人員,一般服務業,45000,49500,54000,58500,63000
金屬建材架構人員,餐飲╱住宿服務,28200,31100,33900,36700,39500
金屬建材架構人員,教育╱出版╱藝文相關,36000,39600,43200,46800,50400
