﻿職業類別,產業,1年以下,1~3年,3~5年,5~7年,7年以上
多媒體動畫設計師,電子科技╱資訊╱軟體╱半導體,39500,43500,47400,51400,55300
多媒體動畫設計師,一般傳統製造,38000,41800,45600,49400,53200
多媒體動畫設計師,政治╱宗教╱社福,45500,50100,54600,59200,63700
多媒體動畫設計師,金融投顧╱保險相關,50000,55000,60000,65000,70000
多媒體動畫設計師,法律╱會計╱顧問╱研發╱設計,34000,37400,40800,44200,47600
多媒體動畫設計師,運輸物流╱倉儲╱貿易,30000,33000,36000,39000,42000
多媒體動畫設計師,建築營造╱不動產相關,46000,50600,55200,59800,64400
多媒體動畫設計師,醫療照護╱環境衛生,40000,44000,48000,52000,56000
多媒體動畫設計師,一般服務業,38500,42400,46200,50100,53900
多媒體動畫設計師,旅遊╱休閒╱運動,45000,49500,54000,58500,63000
多媒體動畫設計師,餐飲╱住宿服務,30000,33000,36000,39000,42000
多媒體動畫設計師,大眾傳播相關,36000,39600,43200,46800,50400
多媒體動畫設計師,教育╱出版╱藝文相關,32800,36100,39400,42700,46000
多媒體動畫設計師,批發╱零售,40000,44000,48000,52000,56000
