﻿職業類別,產業,1年以下,1~3年,3~5年,5~7年,7年以上
ERP專案管理師,電子科技╱資訊╱軟體╱半導體,40100,44100,48100,52100,56100
ERP專案管理師,一般傳統製造,32000,35200,38400,41600,44800
ERP專案管理師,政治╱宗教╱社福,34000,37400,40800,44200,47600
ERP專案管理師,法律╱會計╱顧問╱研發╱設計,37600,41400,45200,48900,52700
ERP專案管理師,運輸物流╱倉儲╱貿易,30300,33400,36400,39400,42500
ERP專案管理師,建築營造╱不動產相關,35000,38500,42000,45500,49000
ERP專案管理師,醫療照護╱環境衛生,32000,35200,38400,41600,44800
ERP專案管理師,一般服務業,34300,37700,41100,44500,47900
ERP專案管理師,旅遊╱休閒╱運動,44500,49000,53400,57900,62300
ERP專案管理師,批發╱零售,36800,40500,44100,47800,51500
