﻿職業類別,產業,1年以下,1~3年,3~5年,5~7年,7年以上
ESG永續管理師,電子科技╱資訊╱軟體╱半導體,39000,42900,46800,50700,54600
ESG永續管理師,一般傳統製造,43500,47900,52200,56600,60900
ESG永續管理師,法律╱會計╱顧問╱研發╱設計,40000,44000,48000,52000,56000
ESG永續管理師,運輸物流╱倉儲╱貿易,278200,306000,333900,361700,389500
ESG永續管理師,建築營造╱不動產相關,37500,41300,45000,48800,52500
ESG永續管理師,農林漁牧╱水電資源,35000,38500,42000,45500,49000
