﻿職業類別,產業,1年以下,1~3年,3~5年,5~7年,7年以上
市場調查／分析人員,電子科技╱資訊╱軟體╱半導體,36000,39600,43200,46800,50400
市場調查／分析人員,一般傳統製造,37000,40700,44400,48100,51700
市場調查／分析人員,政治╱宗教╱社福,37500,41300,45000,48800,52500
市場調查／分析人員,金融投顧╱保險相關,39000,42900,46800,50700,54600
市場調查／分析人員,法律╱會計╱顧問╱研發╱設計,40000,44000,48000,52000,56000
市場調查／分析人員,運輸物流╱倉儲╱貿易,31000,34100,37200,40300,43400
市場調查／分析人員,建築營造╱不動產相關,37500,41300,45000,48800,52500
市場調查／分析人員,醫療照護╱環境衛生,31000,34100,37200,40300,43400
市場調查／分析人員,一般服務業,31000,34100,37200,40300,43400
市場調查／分析人員,旅遊╱休閒╱運動,32700,35900,39200,42500,45700
市場調查／分析人員,餐飲╱住宿服務,35000,38500,42000,45500,49000
市場調查／分析人員,大眾傳播相關,41000,45100,49200,53300,57400
市場調查／分析人員,教育╱出版╱藝文相關,35000,38500,42000,45500,49000
市場調查／分析人員,批發╱零售,32000,35200,38400,41600,44800
