﻿職業類別,產業,1年以下,1~3年,3~5年,5~7年,7年以上
廣告／行銷企劃主管,電子科技╱資訊╱軟體╱半導體,50000,55000,60000,65000,70000
廣告／行銷企劃主管,一般傳統製造,48000,52800,57600,62400,67200
廣告／行銷企劃主管,礦業╱土石能源採取,45000,49500,54000,58500,63000
廣告／行銷企劃主管,政治╱宗教╱社福,40000,44000,48000,52000,56000
廣告／行銷企劃主管,金融投顧╱保險相關,48500,53400,58200,63100,67900
廣告／行銷企劃主管,法律╱會計╱顧問╱研發╱設計,43000,47300,51600,55900,60200
廣告／行銷企劃主管,運輸物流╱倉儲╱貿易,45000,49500,54000,58500,63000
廣告／行銷企劃主管,建築營造╱不動產相關,50000,55000,60000,65000,70000
廣告／行銷企劃主管,醫療照護╱環境衛生,45000,49500,54000,58500,63000
廣告／行銷企劃主管,農林漁牧╱水電資源,42000,46200,50400,54600,58800
廣告／行銷企劃主管,一般服務業,45000,49500,54000,58500,63000
廣告／行銷企劃主管,旅遊╱休閒╱運動,45000,49500,54000,58500,63000
廣告／行銷企劃主管,餐飲╱住宿服務,45000,49500,54000,58500,63000
廣告／行銷企劃主管,大眾傳播相關,50000,55000,60000,65000,70000
廣告／行銷企劃主管,教育╱出版╱藝文相關,43000,47300,51600,55900,60200
廣告／行銷企劃主管,批發╱零售,45000,49500,54000,58500,63000
