﻿職業類別,產業,1年以下,1~3年,3~5年,5~7年,7年以上
廣告文案企劃人員,電子科技╱資訊╱軟體╱半導體,34000,37400,40800,44200,47600
廣告文案企劃人員,一般傳統製造,30500,33600,36600,39700,42700
廣告文案企劃人員,礦業╱土石能源採取,28000,30800,33600,36400,39200
廣告文案企劃人員,政治╱宗教╱社福,39000,42900,46800,50700,54600
廣告文案企劃人員,金融投顧╱保險相關,34000,37400,40800,44200,47600
廣告文案企劃人員,法律╱會計╱顧問╱研發╱設計,32000,35200,38400,41600,44800
廣告文案企劃人員,運輸物流╱倉儲╱貿易,30000,33000,36000,39000,42000
廣告文案企劃人員,建築營造╱不動產相關,32000,35200,38400,41600,44800
廣告文案企劃人員,醫療照護╱環境衛生,32500,35800,39000,42300,45500
廣告文案企劃人員,農林漁牧╱水電資源,27900,30700,33500,36300,39100
廣告文案企劃人員,一般服務業,34000,37400,40800,44200,47600
廣告文案企劃人員,旅遊╱休閒╱運動,34000,37400,40800,44200,47600
廣告文案企劃人員,餐飲╱住宿服務,34000,37400,40800,44200,47600
廣告文案企劃人員,大眾傳播相關,33000,36300,39600,42900,46200
廣告文案企劃人員,教育╱出版╱藝文相關,35000,38500,42000,45500,49000
廣告文案企劃人員,批發╱零售,32000,35200,38400,41600,44800
