﻿職業類別,產業,1年以下,1~3年,3~5年,5~7年,7年以上
CNC程式設計師,電子科技╱資訊╱軟體╱半導體,42000,46200,50400,54600,58800
CNC程式設計師,一般傳統製造,40000,44000,48000,52000,56000
CNC程式設計師,法律╱會計╱顧問╱研發╱設計,31000,34100,37200,40300,43400
CNC程式設計師,運輸物流╱倉儲╱貿易,44900,49400,53900,58300,62800
CNC程式設計師,建築營造╱不動產相關,40000,44000,48000,52000,56000
CNC程式設計師,旅遊╱休閒╱運動,50000,55000,60000,65000,70000
CNC程式設計師,批發╱零售,50000,55000,60000,65000,70000
