﻿職業類別,產業,1年以下,1~3年,3~5年,5~7年,7年以上
CNC車床人員,電子科技╱資訊╱軟體╱半導體,32000,35200,38400,41600,44800
CNC車床人員,一般傳統製造,31000,34100,37200,40300,43400
CNC車床人員,法律╱會計╱顧問╱研發╱設計,28000,30800,33600,36400,39200
CNC車床人員,運輸物流╱倉儲╱貿易,38000,41800,45600,49400,53200
CNC車床人員,建築營造╱不動產相關,44000,48400,52800,57200,61600
CNC車床人員,農林漁牧╱水電資源,30000,33000,36000,39000,42000
CNC車床人員,一般服務業,28000,30800,33600,36400,39200
CNC車床人員,旅遊╱休閒╱運動,27000,29700,32400,35100,37800
CNC車床人員,批發╱零售,27000,29700,32400,35100,37800
