﻿職業類別,產業,1年以下,1~3年,3~5年,5~7年,7年以上
CNC銑床人員,電子科技╱資訊╱軟體╱半導體,34000,37400,40800,44200,47600
CNC銑床人員,一般傳統製造,33000,36300,39600,42900,46200
CNC銑床人員,礦業╱土石能源採取,38000,41800,45600,49400,53200
CNC銑床人員,法律╱會計╱顧問╱研發╱設計,30000,33000,36000,39000,42000
CNC銑床人員,運輸物流╱倉儲╱貿易,38000,41800,45600,49400,53200
CNC銑床人員,建築營造╱不動產相關,32000,35200,38400,41600,44800
CNC銑床人員,農林漁牧╱水電資源,35000,38500,42000,45500,49000
CNC銑床人員,一般服務業,35000,38500,42000,45500,49000
CNC銑床人員,旅遊╱休閒╱運動,36100,39700,43400,47000,50600
CNC銑床人員,教育╱出版╱藝文相關,36700,40400,44000,47700,51300
CNC銑床人員,批發╱零售,32000,35200,38400,41600,44800
