﻿職業類別,產業,1年以下,1~3年,3~5年,5~7年,7年以上
PCB技術人員,電子科技╱資訊╱軟體╱半導體,35000,38500,42000,45500,49000
PCB技術人員,一般傳統製造,32000,35200,38400,41600,44800
PCB技術人員,政治╱宗教╱社福,40000,44000,48000,52000,56000
PCB技術人員,運輸物流╱倉儲╱貿易,31300,34400,37500,40700,43800
PCB技術人員,建築營造╱不動產相關,35000,38500,42000,45500,49000
PCB技術人員,一般服務業,36000,39600,43200,46800,50400
PCB技術人員,批發╱零售,26000,28600,31200,33800,36400
