﻿職業類別,產業,1年以下,1~3年,3~5年,5~7年,7年以上
其他車輛維修人員,電子科技╱資訊╱軟體╱半導體,33000,36300,39600,42900,46200
其他車輛維修人員,一般傳統製造,35000,38500,42000,45500,49000
其他車輛維修人員,礦業╱土石能源採取,34800,38300,41800,45300,48800
其他車輛維修人員,政治╱宗教╱社福,42000,46200,50400,54600,58800
其他車輛維修人員,金融投顧╱保險相關,41500,45700,49800,54000,58100
其他車輛維修人員,運輸物流╱倉儲╱貿易,36000,39600,43200,46800,50400
其他車輛維修人員,建築營造╱不動產相關,37500,41300,45000,48800,52500
其他車輛維修人員,醫療照護╱環境衛生,31600,34800,38000,41100,44300
其他車輛維修人員,農林漁牧╱水電資源,36000,39600,43200,46800,50400
其他車輛維修人員,一般服務業,35000,38500,42000,45500,49000
其他車輛維修人員,旅遊╱休閒╱運動,35000,38500,42000,45500,49000
其他車輛維修人員,教育╱出版╱藝文相關,34400,37800,41300,44700,48100
其他車輛維修人員,批發╱零售,32500,35800,39000,42300,45500
