﻿職業類別,產業,1年以下,1~3年,3~5年,5~7年,7年以上
冷凍空調技術人員／安裝員,電子科技╱資訊╱軟體╱半導體,34500,38000,41400,44900,48300
冷凍空調技術人員／安裝員,一般傳統製造,35000,38500,42000,45500,49000
冷凍空調技術人員／安裝員,政治╱宗教╱社福,40000,44000,48000,52000,56000
冷凍空調技術人員／安裝員,金融投顧╱保險相關,30000,33000,36000,39000,42000
冷凍空調技術人員／安裝員,法律╱會計╱顧問╱研發╱設計,35000,38500,42000,45500,49000
冷凍空調技術人員／安裝員,運輸物流╱倉儲╱貿易,36000,39600,43200,46800,50400
冷凍空調技術人員／安裝員,建築營造╱不動產相關,35000,38500,42000,45500,49000
冷凍空調技術人員／安裝員,醫療照護╱環境衛生,37000,40700,44400,48100,51800
冷凍空調技術人員／安裝員,農林漁牧╱水電資源,34300,37700,41100,44600,48000
冷凍空調技術人員／安裝員,一般服務業,35000,38500,42000,45500,49000
冷凍空調技術人員／安裝員,旅遊╱休閒╱運動,33000,36300,39600,42900,46200
冷凍空調技術人員／安裝員,餐飲╱住宿服務,36000,39600,43200,46800,50400
冷凍空調技術人員／安裝員,批發╱零售,33000,36300,39600,42900,46200
