﻿職業類別,產業,1年以下,1~3年,3~5年,5~7年,7年以上
堆高機操作人員,電子科技╱資訊╱軟體╱半導體,32000,35200,38400,41600,44800
堆高機操作人員,一般傳統製造,32000,35200,38400,41600,44800
堆高機操作人員,礦業╱土石能源採取,37000,40700,44400,48100,51800
堆高機操作人員,政治╱宗教╱社福,39400,43400,47300,51300,55200
堆高機操作人員,法律╱會計╱顧問╱研發╱設計,30000,33000,36000,39000,42000
堆高機操作人員,運輸物流╱倉儲╱貿易,35000,38500,42000,45500,49000
堆高機操作人員,建築營造╱不動產相關,40000,44000,48000,52000,56000
堆高機操作人員,醫療照護╱環境衛生,35000,38500,42000,45500,49000
堆高機操作人員,農林漁牧╱水電資源,33000,36300,39600,42900,46200
堆高機操作人員,一般服務業,35000,38500,42000,45500,49000
堆高機操作人員,旅遊╱休閒╱運動,32800,36100,39300,42600,45900
堆高機操作人員,餐飲╱住宿服務,31000,34100,37200,40300,43400
堆高機操作人員,教育╱出版╱藝文相關,31000,34100,37200,40300,43400
堆高機操作人員,批發╱零售,32000,35200,38400,41600,44800
