﻿職業類別,產業,1年以下,1~3年,3~5年,5~7年,7年以上
拋光／研磨技術人員,電子科技╱資訊╱軟體╱半導體,34000,37400,40800,44200,47600
拋光／研磨技術人員,一般傳統製造,32000,35200,38400,41600,44800
拋光／研磨技術人員,礦業╱土石能源採取,36000,39600,43200,46800,50400
拋光／研磨技術人員,運輸物流╱倉儲╱貿易,37500,41300,45000,48800,52500
拋光／研磨技術人員,建築營造╱不動產相關,40000,44000,48000,52000,56000
拋光／研磨技術人員,一般服務業,30000,33000,36000,39000,42000
拋光／研磨技術人員,旅遊╱休閒╱運動,30300,33300,36300,39400,42400
拋光／研磨技術人員,教育╱出版╱藝文相關,32500,35800,39000,42300,45500
拋光／研磨技術人員,批發╱零售,30000,33000,36000,39000,42000
