﻿職業類別,產業,1年以下,1~3年,3~5年,5~7年,7年以上
機械設備組裝測試人員,電子科技╱資訊╱軟體╱半導體,35000,38500,42000,45500,49000
機械設備組裝測試人員,一般傳統製造,35000,38500,42000,45500,49000
機械設備組裝測試人員,政治╱宗教╱社福,39100,43000,46900,50800,54700
機械設備組裝測試人員,法律╱會計╱顧問╱研發╱設計,32000,35200,38400,41600,44800
機械設備組裝測試人員,運輸物流╱倉儲╱貿易,35000,38500,42000,45500,49000
機械設備組裝測試人員,建築營造╱不動產相關,35500,39100,42600,46200,49700
機械設備組裝測試人員,醫療照護╱環境衛生,30500,33600,36600,39700,42700
機械設備組裝測試人員,農林漁牧╱水電資源,33500,36900,40200,43600,46900
機械設備組裝測試人員,一般服務業,33000,36300,39600,42900,46200
機械設備組裝測試人員,教育╱出版╱藝文相關,34000,37400,40800,44200,47600
機械設備組裝測試人員,批發╱零售,32000,35200,38400,41600,44800
