﻿職業類別,產業,1年以下,1~3年,3~5年,5~7年,7年以上
機械加工技術人員,電子科技╱資訊╱軟體╱半導體,35000,38500,42000,45500,49000
機械加工技術人員,一般傳統製造,32000,35200,38400,41600,44800
機械加工技術人員,礦業╱土石能源採取,32500,35800,39000,42300,45500
機械加工技術人員,法律╱會計╱顧問╱研發╱設計,32000,35200,38400,41600,44800
機械加工技術人員,運輸物流╱倉儲╱貿易,35000,38500,42000,45500,49000
機械加工技術人員,建築營造╱不動產相關,35000,38500,42000,45500,49000
機械加工技術人員,醫療照護╱環境衛生,36800,40500,44100,47800,51500
機械加工技術人員,農林漁牧╱水電資源,35000,38500,42000,45500,49000
機械加工技術人員,一般服務業,31000,34100,37200,40300,43400
機械加工技術人員,旅遊╱休閒╱運動,33500,36900,40200,43600,46900
機械加工技術人員,餐飲╱住宿服務,32000,35200,38400,41600,44800
機械加工技術人員,大眾傳播相關,30000,33000,36000,39000,42000
機械加工技術人員,批發╱零售,30500,33600,36600,39700,42700
