﻿職業類別,產業,1年以下,1~3年,3~5年,5~7年,7年以上
汽車引擎技術人員,一般傳統製造,36000,39600,43200,46800,50400
汽車引擎技術人員,政治╱宗教╱社福,43000,47300,51600,55900,60200
汽車引擎技術人員,運輸物流╱倉儲╱貿易,45000,49500,54000,58500,63000
汽車引擎技術人員,建築營造╱不動產相關,45000,49500,54000,58500,63000
汽車引擎技術人員,農林漁牧╱水電資源,35000,38500,42000,45500,49000
汽車引擎技術人員,一般服務業,35000,38500,42000,45500,49000
汽車引擎技術人員,旅遊╱休閒╱運動,36000,39600,43200,46800,50400
汽車引擎技術人員,批發╱零售,42000,46200,50400,54600,58800
