﻿職業類別,產業,1年以下,1~3年,3~5年,5~7年,7年以上
環保／環境工程師／技師,電子科技╱資訊╱軟體╱半導體,40000,44000,48000,52000,56000
環保／環境工程師／技師,一般傳統製造,38000,41800,45600,49400,53200
環保／環境工程師／技師,礦業╱土石能源採取,36500,40200,43800,47500,51100
環保／環境工程師／技師,政治╱宗教╱社福,33000,36300,39600,42900,46200
環保／環境工程師／技師,法律╱會計╱顧問╱研發╱設計,35000,38500,42000,45500,49000
環保／環境工程師／技師,運輸物流╱倉儲╱貿易,39000,42900,46800,50700,54600
環保／環境工程師／技師,建築營造╱不動產相關,38000,41800,45600,49400,53200
環保／環境工程師／技師,醫療照護╱環境衛生,35000,38500,42000,45500,49000
環保／環境工程師／技師,農林漁牧╱水電資源,34000,37400,40800,44200,47600
環保／環境工程師／技師,一般服務業,35000,38500,42000,45500,49000
環保／環境工程師／技師,旅遊╱休閒╱運動,37000,40700,44400,48100,51800
環保／環境工程師／技師,餐飲╱住宿服務,35000,38500,42000,45500,49000
環保／環境工程師／技師,教育╱出版╱藝文相關,48000,52800,57600,62400,67200
環保／環境工程師／技師,批發╱零售,35000,38500,42000,45500,49000
