﻿職業類別,產業,1年以下,1~3年,3~5年,5~7年,7年以上
產品設備維修人員,電子科技╱資訊╱軟體╱半導體,36000,39600,43200,46800,50400
產品設備維修人員,一般傳統製造,35000,38500,42000,45500,49000
產品設備維修人員,礦業╱土石能源採取,36000,39600,43200,46800,50400
產品設備維修人員,政治╱宗教╱社福,35000,38500,42000,45500,49000
產品設備維修人員,金融投顧╱保險相關,36000,39600,43200,46800,50400
產品設備維修人員,法律╱會計╱顧問╱研發╱設計,35000,38500,42000,45500,49000
產品設備維修人員,運輸物流╱倉儲╱貿易,35000,38500,42000,45500,49000
產品設備維修人員,建築營造╱不動產相關,35000,38500,42000,45500,49000
產品設備維修人員,醫療照護╱環境衛生,35000,38500,42000,45500,49000
產品設備維修人員,農林漁牧╱水電資源,35000,38500,42000,45500,49000
產品設備維修人員,一般服務業,34000,37400,40800,44200,47600
產品設備維修人員,旅遊╱休閒╱運動,33000,36300,39600,42900,46200
產品設備維修人員,餐飲╱住宿服務,34000,37400,40800,44200,47600
產品設備維修人員,大眾傳播相關,38000,41800,45600,49400,53200
產品設備維修人員,教育╱出版╱藝文相關,38000,41800,45600,49400,53200
產品設備維修人員,批發╱零售,35000,38500,42000,45500,49000
