﻿職業類別,產業,1年以下,1~3年,3~5年,5~7年,7年以上
精密儀器製造維修人員,電子科技╱資訊╱軟體╱半導體,35000,38500,42000,45500,49000
精密儀器製造維修人員,一般傳統製造,35000,38500,42000,45500,49000
精密儀器製造維修人員,政治╱宗教╱社福,268000,294800,321600,348400,375200
精密儀器製造維修人員,金融投顧╱保險相關,43000,47300,51600,55900,60200
精密儀器製造維修人員,法律╱會計╱顧問╱研發╱設計,40000,44000,48000,52000,56000
精密儀器製造維修人員,運輸物流╱倉儲╱貿易,30500,33600,36600,39700,42700
精密儀器製造維修人員,醫療照護╱環境衛生,35000,38500,42000,45500,49000
精密儀器製造維修人員,農林漁牧╱水電資源,40000,44000,48000,52000,56000
精密儀器製造維修人員,一般服務業,32000,35200,38400,41600,44800
精密儀器製造維修人員,批發╱零售,37000,40700,44400,48100,51800
