﻿職業類別,產業,1年以下,1~3年,3~5年,5~7年,7年以上
組裝組立技術人員,電子科技╱資訊╱軟體╱半導體,29000,31900,34800,37700,40600
組裝組立技術人員,一般傳統製造,30000,33000,36000,39000,42000
組裝組立技術人員,礦業╱土石能源採取,50000,55000,60000,65000,70000
組裝組立技術人員,政治╱宗教╱社福,365000,401500,438000,474500,511000
組裝組立技術人員,法律╱會計╱顧問╱研發╱設計,28000,30800,33600,36400,39200
組裝組立技術人員,運輸物流╱倉儲╱貿易,36000,39600,43200,46800,50400
組裝組立技術人員,建築營造╱不動產相關,35000,38500,42000,45500,49000
組裝組立技術人員,醫療照護╱環境衛生,28000,30800,33600,36400,39200
組裝組立技術人員,農林漁牧╱水電資源,36000,39600,43200,46800,50400
組裝組立技術人員,一般服務業,32000,35200,38400,41600,44800
組裝組立技術人員,旅遊╱休閒╱運動,28300,31100,33900,36800,39600
組裝組立技術人員,餐飲╱住宿服務,30000,33000,36000,39000,42000
組裝組立技術人員,大眾傳播相關,45000,49500,54000,58500,63000
組裝組立技術人員,教育╱出版╱藝文相關,26000,28600,31200,33800,36400
組裝組立技術人員,批發╱零售,29000,31900,34800,37700,40600
