﻿職業類別,產業,1年以下,1~3年,3~5年,5~7年,7年以上
線切割技術人員,電子科技╱資訊╱軟體╱半導體,34000,37400,40800,44200,47600
線切割技術人員,一般傳統製造,34000,37400,40800,44200,47600
線切割技術人員,礦業╱土石能源採取,49000,53900,58800,63700,68600
線切割技術人員,運輸物流╱倉儲╱貿易,27000,29700,32400,35100,37800
線切割技術人員,建築營造╱不動產相關,39600,43600,47600,51500,55500
線切割技術人員,一般服務業,32000,35200,38400,41600,44800
線切割技術人員,批發╱零售,30300,33300,36300,39400,42400
