﻿職業類別,產業,1年以下,1~3年,3~5年,5~7年,7年以上
鈑金技術人員,電子科技╱資訊╱軟體╱半導體,35000,38500,42000,45500,49000
鈑金技術人員,一般傳統製造,35000,38500,42000,45500,49000
鈑金技術人員,法律╱會計╱顧問╱研發╱設計,28000,30800,33600,36400,39200
鈑金技術人員,運輸物流╱倉儲╱貿易,36000,39600,43200,46800,50400
鈑金技術人員,建築營造╱不動產相關,46000,50600,55200,59800,64400
鈑金技術人員,一般服務業,35000,38500,42000,45500,49000
