﻿職業類別,產業,1年以下,1~3年,3~5年,5~7年,7年以上
雷射技術操作員,電子科技╱資訊╱軟體╱半導體,32000,35200,38400,41600,44800
雷射技術操作員,一般傳統製造,33000,36300,39600,42900,46200
雷射技術操作員,法律╱會計╱顧問╱研發╱設計,30000,33000,36000,39000,42000
雷射技術操作員,運輸物流╱倉儲╱貿易,158100,173900,189700,205500,221300
雷射技術操作員,建築營造╱不動產相關,31000,34100,37200,40300,43400
雷射技術操作員,醫療照護╱環境衛生,42000,46200,50400,54600,58800
雷射技術操作員,一般服務業,28000,30800,33600,36400,39200
雷射技術操作員,教育╱出版╱藝文相關,31000,34100,37200,40300,43400
雷射技術操作員,批發╱零售,30000,33000,36000,39000,42000
