﻿職業類別,產業,1年以下,1~3年,3~5年,5~7年,7年以上
電器產品維修人員,電子科技╱資訊╱軟體╱半導體,31000,34100,37200,40300,43400
電器產品維修人員,一般傳統製造,33000,36300,39600,42900,46200
電器產品維修人員,礦業╱土石能源採取,32000,35200,38400,41600,44800
電器產品維修人員,政治╱宗教╱社福,34500,38000,41400,44900,48300
電器產品維修人員,金融投顧╱保險相關,80000,88000,96000,104000,112000
電器產品維修人員,法律╱會計╱顧問╱研發╱設計,30000,33000,36000,39000,42000
電器產品維修人員,運輸物流╱倉儲╱貿易,35500,39100,42600,46200,49700
電器產品維修人員,建築營造╱不動產相關,35000,38500,42000,45500,49000
電器產品維修人員,醫療照護╱環境衛生,33000,36300,39600,42900,46200
電器產品維修人員,農林漁牧╱水電資源,35500,39100,42600,46200,49700
電器產品維修人員,一般服務業,33800,37200,40500,43900,47300
電器產品維修人員,旅遊╱休閒╱運動,29500,32400,35400,38300,41300
電器產品維修人員,餐飲╱住宿服務,35300,38800,42300,45900,49400
電器產品維修人員,大眾傳播相關,32000,35200,38400,41600,44800
電器產品維修人員,教育╱出版╱藝文相關,50000,55000,60000,65000,70000
電器產品維修人員,批發╱零售,32000,35200,38400,41600,44800
