年月別,工業及服務業,男性,女性,工業,礦業及土石採取業,製造業,電力及燃氣供應業,用水供應及污染整治業,營建工程業,服務業,批發及零售業,運輸及倉儲業,住宿及餐飲業,出版影音及資通訊業,金融及保險業,不動產業,專業科學及技術服務業,支援服務業,教育業,醫療保健及社會工作服務業,藝術_娛樂及休閒服務業,其他服務業
198001,6984,8031,5517,6343,10987,5997,11360,7540,7340,8284,7089,9141,6391,11674,10651,16656,9381,9000,-,11380,7164,7637
198002,7042,8050,5631,6396,8254,6134,10673,7733,7346,8362,7139,9117,6438,12075,10792,16848,9260,9038,-,12265,6943,7723
198003,7157,8151,5773,6547,9940,6248,11331,7929,7506,8421,7260,9106,6583,11749,10925,16768,9384,9146,-,11769,7268,7621
198004,7238,8311,5724,6614,10945,6244,12153,8065,7766,8533,7360,9182,6468,11869,11172,16860,9544,9307,-,11787,7602,7773
198005,7437,8484,5951,6856,10998,6511,11118,8198,7949,8635,7513,9250,6462,11919,11116,16889,9722,9371,-,11858,7522,7913
198006,7518,8573,6006,6962,12064,6561,11580,8290,8156,8680,7606,9309,6670,11787,11127,16900,9515,9423,-,11646,7451,7818
198007,7834,9089,6109,7133,11924,6723,14316,8999,8340,9339,7893,10764,6856,13400,12442,16884,10062,9696,-,12575,7578,8059
198008,8077,9308,6372,7344,11804,6948,14379,9058,8481,9650,8797,10171,6701,13363,12518,16833,10298,9932,-,12745,7817,8102
198009,8219,9465,6467,7465,11693,7101,14367,9262,8437,9807,9053,10259,6933,13365,12633,16927,10354,10037,-,12759,7593,8167
198010,8410,9663,6622,7649,12826,7271,14323,9086,8589,10013,9374,10444,6998,13374,12859,17096,10359,10023,-,12650,7759,8184
198011,8473,9708,6692,7716,12538,7361,13952,9231,8575,10062,9426,10503,7103,13217,13269,17165,10402,9997,-,12717,7223,8033
198012,8612,9880,6808,7868,11751,7454,14157,9305,9134,10159,9486,10583,7090,13401,13678,17214,10476,9984,-,12719,7609,8221
198101,8943,10542,6641,8202,14417,7846,16148,10007,8788,10500,9574,11356,7038,13426,15757,17386,10546,10250,-,13043,7535,7772
198102,9158,10850,6784,8466,16888,7990,16063,9757,9538,10518,9941,11009,7095,14200,13948,17395,10727,10032,-,13506,8419,7419
198103,8950,10593,6627,8296,13440,7757,15629,9808,10157,10226,9248,11098,7469,14334,14132,17410,10624,10442,-,14182,8237,6716
198104,9232,10876,6922,8541,13542,8038,15386,10030,10217,10595,9849,11179,7571,14448,13993,17515,11040,10307,-,14114,7676,7980
198105,9387,11061,7041,8738,13757,8231,15324,9870,10450,10661,9886,11301,7591,14380,14214,17594,11085,10466,-,14280,7656,8054
198106,9412,11092,7030,8728,13314,8169,15414,9919,10797,10756,9982,11385,7616,14557,14251,17477,11262,10513,-,14313,7919,8181
198107,9635,11369,7220,8908,13960,8376,17808,10088,10832,11088,10191,11998,8123,15155,15320,17574,11339,10550,-,14390,7312,8161
198108,9846,11584,7439,9093,14531,8574,18066,10125,10917,11340,10511,12111,8219,15362,15932,17605,11456,10615,-,14395,7627,8324
198109,9963,11657,7594,9209,14154,8720,18033,10698,10880,11447,10682,12093,8307,15285,15994,17619,11831,10819,-,14069,7841,8382
198110,10071,11827,7618,9356,15011,8818,18237,10559,11229,11474,10732,12056,8287,15276,15924,17668,12089,10961,-,14033,7839,8420
198111,10077,11805,7673,9374,14987,8842,17770,10669,11297,11455,10728,12013,8236,15188,15911,17655,12000,10939,-,13975,7932,8413
198112,10138,11908,7689,9472,15930,8882,17901,10653,11567,11451,10641,12187,8186,15197,15980,18562,12069,10987,-,13729,7896,8409
198201,10241,12098,7751,9521,16227,9011,18311,10567,11109,11638,10689,12564,8243,15073,16930,19713,12207,11093,-,14026,8070,8420
198202,10158,12200,7436,9482,13480,9066,18291,10692,10902,11445,10428,12547,8108,14855,16272,19314,12595,11346,-,12969,8006,8772
198203,10262,12209,7646,9590,15319,9114,17962,11069,11089,11544,10524,12674,8272,14861,16460,18725,12570,11889,-,12969,8188,8869
198204,10308,12252,7691,9631,15681,9107,18215,11156,11318,11602,10545,12685,8251,15052,16620,18923,12868,12005,-,13019,8465,8988
198205,10415,12313,7857,9761,14808,9267,18228,11389,11449,11649,10662,12682,8181,14926,16447,19025,12960,12082,-,13012,8462,9006
198206,10410,12312,7845,9750,14328,9274,18208,12003,11402,11665,10583,12759,8113,15054,16753,18947,12963,12186,-,12995,8435,9050
198207,10430,12364,7843,9767,14249,9322,18164,11635,11389,11701,10665,12870,8128,14788,16459,18901,13156,12213,-,12931,8545,9094
198208,10444,12355,7899,9753,14170,9325,17697,11633,11277,11763,10730,12941,8212,15071,16416,18876,13234,12175,-,13097,8399,9069
198209,10491,12400,7910,9775,14453,9340,18091,11651,11241,11844,10783,13020,8324,15081,16743,18791,13364,12159,-,13096,8472,9069
198210,10459,12367,7893,9760,15022,9408,18039,11630,10625,11775,10717,12954,8258,15049,16508,18802,13286,12225,-,13048,8449,9022
198211,10496,12401,7914,9801,14972,9384,17992,11512,11136,11786,10699,12954,8384,15028,16384,18783,13480,12359,-,13163,8394,9060
198212,10649,12556,8054,9999,15464,9551,18091,11439,11457,11864,10850,12975,8338,15140,16458,18717,13368,12350,-,13247,8413,9057
198301,10501,12368,7984,9737,14918,9320,18272,11516,11085,11938,10963,13047,8398,15031,16493,18772,13411,12450,-,12778,8422,9048
198302,10425,12371,7825,9628,11398,9288,18172,11514,10912,11928,10998,12760,8423,15227,16719,18817,13435,11469,-,12830,8474,9104
198303,10746,12664,8160,10061,14031,9656,18092,11568,11532,12030,11095,12950,8424,15231,16784,19101,13598,11714,-,12928,8740,9047
198304,10817,12749,8214,10175,14012,9753,18264,11614,11837,12022,11099,12988,8383,15262,16689,18936,13615,11519,-,12778,8579,9100
198305,11023,13010,8339,10446,14159,9937,18271,11849,12607,12115,11248,12991,8481,15207,16656,19105,13759,11765,-,12742,8585,9268
198306,11007,12985,8330,10428,14084,9876,18515,12114,12769,12123,11190,12947,8548,15444,16814,19233,13808,11938,-,12802,8478,9301
198307,11026,13051,8357,10426,14495,9884,18323,11995,12825,12189,11299,13033,8737,15075,16887,19531,13945,12198,-,13125,8857,9562
198308,11163,13273,8384,10573,14693,10045,18334,11955,13045,12318,11282,13238,8613,15338,16879,19556,14560,12310,-,13359,9204,9698
198309,11271,13377,8461,10652,14654,10130,18361,12176,13045,12464,11473,13301,8773,15362,16869,20105,14860,11450,-,13621,9642,9662
198310,11285,13380,8509,10680,15076,10172,18276,12122,13024,12447,11491,13286,8518,15357,16715,20271,14663,11682,-,13577,9516,9805
198311,11340,13410,8591,10747,15556,10214,18286,12080,13172,12480,11514,13346,8740,15357,16717,20024,14864,12010,-,13478,9472,9591
198312,11546,13616,8808,10976,16185,10430,18325,12134,13496,12644,11747,13444,8757,15398,16792,20608,14981,12172,-,13394,10157,9766
198401,11595,13607,8927,11015,16555,10563,18375,12072,12940,12710,11819,13613,8866,15492,17054,19492,14901,12281,-,13607,9638,9494
198402,11291,13294,8621,10469,12367,9954,18504,12004,13486,12859,12183,12984,9222,15433,17083,19748,15105,12363,-,14381,9680,9546
198403,11792,13904,8945,11137,15650,10652,18664,11436,13706,13074,12628,12996,9563,15526,17064,20274,15492,12039,-,14310,9729,9202
198404,11878,14003,9033,11213,15290,10726,18647,11350,13825,13188,12608,13319,9982,15512,17075,20273,15554,12532,-,14439,9785,9648
198405,11981,14093,9149,11298,15683,10857,18424,11213,13597,13333,12835,13357,9842,15652,17041,20449,16017,12654,-,14567,9922,9658
198406,11924,14063,9069,11188,14844,10721,18448,11088,13755,13383,12901,13261,9801,15849,17101,20158,16116,12784,-,14874,9898,9724
198407,12037,14242,9134,11283,14645,10825,19634,11532,13831,13569,12979,13616,9950,16059,17525,20309,15926,13206,-,15635,9693,9722
198408,12170,14389,9260,11395,14643,10942,19888,11695,13937,13722,13101,13690,9955,16426,17897,20399,16027,13381,-,16221,9799,9720
198409,12138,14342,9218,11290,15257,10838,19638,11801,13711,13823,13279,13700,10115,16426,17888,20611,16025,13584,-,16279,9358,9719
198410,12280,14492,9341,11530,15935,11076,19815,11799,13874,13766,13132,13667,10166,16565,17784,20518,16244,13584,-,16208,9166,9834
198411,12321,14546,9360,11612,15860,11158,19811,11729,13990,13715,13008,13778,10115,16664,17694,20795,16177,13720,-,16104,9186,9788
198412,12470,14657,9552,11797,16023,11350,19768,11768,14135,13795,13076,13855,10212,16706,17837,20766,16238,13778,-,16009,9985,9804
198501,12371,14567,9449,11765,16563,11358,20176,11918,13731,13567,12851,13968,9660,16399,17978,20274,15934,13297,-,15083,9804,9543
198502,11786,14004,8844,10897,13189,10502,19556,11710,13004,13529,12824,13885,9462,16438,17998,20114,16099,13185,-,15289,8854,9404
198503,12304,14528,9346,11595,14911,11204,20198,11875,13645,13703,13035,14066,9381,16479,18148,20137,16231,13289,-,15452,9452,9461
198504,12424,14688,9406,11681,15966,11282,20230,11939,13693,13894,13293,14249,9628,16453,18101,20072,16324,13462,-,15807,9564,9500
198505,12498,14752,9496,11785,16365,11391,20180,11870,13738,13917,13376,14086,9580,16560,18038,20182,16383,13353,-,15791,9757,9637
198506,12445,14663,9499,11714,15699,11330,20197,11750,13644,13904,13231,14212,9766,16630,18216,20194,16381,13249,-,15841,9665,9694
198507,12664,15021,9545,11864,16078,11399,22432,12783,14239,14260,13379,14940,9690,17932,19005,20394,16757,13471,-,16289,9872,9734
198508,12613,14971,9497,11840,15706,11375,22535,12879,14200,14138,13157,14887,9772,17870,18991,20649,16765,13307,-,16302,9110,9695
198509,12634,14966,9531,11815,15737,11360,22525,12806,14071,14234,13254,14909,9748,17885,19176,20410,16727,13103,-,16784,9788,9731
198510,12805,15138,9701,12070,16126,11639,22496,12892,14151,14236,13256,14927,9767,17965,19047,20665,16792,13115,-,16757,9692,9685
198511,12863,15228,9721,12149,15813,11710,22542,12815,14326,14261,13281,14880,9875,18051,19044,20642,16917,13072,-,16779,9395,9818
198512,13008,15372,9876,12337,16139,11920,22531,12867,14347,14323,13371,14916,9914,18052,19166,20666,17042,13045,-,16709,9644,9743
198601,13186,15520,10107,12406,16518,12015,22840,12907,14205,14722,14072,15168,10001,18304,19246,20474,16394,13711,-,17538,9969,9660
198602,12419,14710,9391,11328,12354,10971,22455,13110,13044,14574,14001,14957,9513,18670,19204,19508,16245,13790,-,16687,9707,9443
198603,13151,15486,10066,12329,16007,11928,22887,13169,14234,14785,14230,15190,10056,18746,19325,19810,16474,14005,-,16756,9906,9655
198604,13125,15427,10079,12353,16728,11946,22882,13477,14237,14670,13858,15333,10330,18857,19452,19519,16408,14040,-,16702,10092,9674
198605,13250,15546,10205,12505,16513,12105,22872,13421,14413,14739,13955,15332,10138,18902,19496,18767,16712,14060,-,17091,10066,9691
198606,13175,15437,10171,12383,15870,11962,22893,13343,14502,14771,14009,15349,9986,19095,19580,19004,16837,14102,-,16968,10180,9617
198607,13285,15586,10254,12519,16374,12101,22871,13270,14717,14856,14230,15271,10291,18583,19357,18974,16847,14029,-,17116,10346,9816
198608,13273,15599,10214,12501,16005,12102,22648,13236,14579,14850,14199,15241,10165,18776,19310,18988,16842,14226,-,17425,10300,9732
198609,13251,15528,10253,12484,15804,12106,21940,13216,14450,14808,14070,15275,10213,18807,19403,18703,16810,14075,-,17400,10211,9722
198610,13512,15825,10466,12773,16601,12399,22626,13248,14630,15017,14500,15366,10100,18934,19261,19033,16986,14143,-,17329,10254,9836
198611,13454,15780,10392,12699,15990,12327,22629,13307,14591,14981,14498,15389,9955,19086,19208,20227,16834,14159,-,16826,10304,9772
198612,13726,16063,10655,13004,17033,12626,22567,13419,14922,15185,14855,15439,9904,19125,19292,20135,16844,14221,-,17199,10414,9902
198701,13561,15940,10452,12722,16168,12372,22983,13218,14439,15257,14949,15548,10255,19056,19439,20065,16840,14155,-,16965,10499,9831
198702,13390,15745,10294,12432,14142,12051,23172,13215,14498,15317,15058,15516,10111,19179,19344,19959,17041,14233,-,17242,10148,9887
198703,13826,16172,10718,13179,16563,12812,22982,13299,15062,15114,14565,15588,10060,19287,19412,20081,17053,14042,-,17066,10499,10007
198704,13911,16271,10779,13217,16562,12861,23032,13576,14976,15288,14827,15611,10170,19293,19640,20133,17368,14083,-,17164,10368,10133
198705,14048,16410,10897,13374,16696,13018,23098,13345,15133,15378,15005,15709,10167,19314,19655,20168,17288,14215,-,17149,10390,10178
198706,14003,16326,10903,13310,16782,12964,23205,13492,14917,15372,15009,15662,10090,19300,19714,20385,17403,14174,-,17083,10393,10193
198707,14254,16669,11082,13496,17044,13105,24457,14051,15464,15782,15178,16242,10015,21047,20500,21237,17698,14089,-,18402,11203,10451
198708,14461,16904,11270,13642,17554,13253,24471,14393,15549,16097,15612,16279,10292,20835,20617,20840,18331,14642,-,18937,11662,10686
198709,14508,16959,11285,13688,16797,13296,24730,14130,15638,16116,15465,16346,10234,20838,20781,21981,18646,14799,-,19148,11572,10829
198710,14621,17082,11385,13809,17115,13439,24435,14247,15619,16199,15625,16470,10364,20807,20672,22443,18696,14708,-,19048,11675,10663
198711,14678,17121,11456,13851,16965,13495,24646,14174,15552,16266,15747,16565,10292,21026,20696,21620,18700,15019,-,18994,11568,10671
198712,14884,17349,11631,14149,17390,13760,24591,14488,16121,16290,15602,16612,10664,21062,21032,21722,18860,15318,-,19104,11062,10772
198801,14953,17455,11652,14189,17711,13809,25030,14526,16032,16406,15838,16784,10589,21046,20635,22210,19152,15381,-,19099,11218,10943
198802,14466,16931,11218,13438,15191,13081,25059,14836,15110,16391,15689,16574,11096,21152,21101,22104,19016,15465,-,19132,10931,10908
198803,15115,17634,11791,14377,17699,13975,25065,15018,16396,16490,15710,16725,11264,21177,21436,22208,19247,15581,-,19096,11523,10864
198804,15195,17720,11864,14473,17446,14084,25102,14943,16418,16530,15832,16734,11044,21120,21243,23068,19297,15747,-,19195,11227,11031
198805,15334,17871,11978,14664,17886,14253,24673,18466,16608,16563,15893,16704,10994,21025,21424,23583,19219,15649,-,19160,11265,11081
198806,15330,17872,11969,14643,17533,14225,24611,18804,16644,16586,15893,16715,10983,21233,21523,22913,19127,15632,-,19264,11630,11176
198807,15577,18242,12099,14794,17996,14327,26459,20604,17077,17038,16139,17525,11085,22200,22343,23119,19616,15692,-,20354,12143,11434
198808,15842,18565,12306,15112,18175,14664,26543,20562,17260,17180,16155,17729,11277,22617,22498,23121,19930,15993,-,20631,12396,11599
198809,15960,18701,12395,15213,17733,14752,26628,20531,17432,17301,16264,17774,11175,22664,22665,23522,20195,15587,-,20861,12764,11834
198810,16118,18903,12465,15402,18417,14956,26647,20439,17458,17394,16368,17898,11147,22971,22601,24322,20302,15760,-,20472,13113,11917
198811,16288,19091,12605,15594,18726,15152,26633,20649,17608,17515,16551,17947,11291,22976,22606,24355,20451,15803,-,20467,12999,12005
198812,16489,19319,12762,15857,19536,15376,28645,20688,17971,17598,16642,17927,11484,23155,22737,24174,20534,15565,-,20464,13377,12094
198901,16598,19489,12791,15979,19376,15518,28627,20425,17992,17671,16659,18141,11503,23070,22833,24474,20960,15770,-,20547,13167,12200
198902,16047,18841,12365,15049,16773,14567,29475,20344,17131,17751,16737,18052,11679,23181,23108,24394,21057,15978,-,20621,12830,12106
198903,16897,19774,13084,16306,19448,15815,29009,20675,18487,17896,16946,18305,11640,23527,22890,24564,21316,15996,-,20520,13309,12166
198904,16905,19787,13076,16274,18616,15796,29116,20556,18411,17963,16996,18208,11900,23690,22898,24821,21523,16070,-,20649,13427,12205
198905,17196,20086,13340,16643,18971,16137,29891,20723,18893,18117,17148,18461,11869,23443,23163,24918,21940,16393,-,20665,13301,12294
198906,17202,20074,13391,16587,19025,16061,29442,20814,18994,18216,17321,18533,11603,23495,23476,24797,22024,16437,-,20774,13383,12290
198907,17815,20864,13806,16895,20368,16288,32648,21403,19718,19357,18658,19773,12489,25068,24446,25963,22524,16508,-,22162,13950,13060
198908,18043,21182,13926,17235,20123,16634,32685,21446,20061,19381,18648,19812,12457,25336,23877,26385,22738,16542,-,22598,14178,13396
198909,18076,21226,13944,17154,19774,16559,32551,21726,19832,19565,18715,19863,12515,25904,24027,26316,23127,17331,-,22856,14665,13771
198910,18413,21557,14257,17497,20396,16845,33237,22441,20438,19879,19000,20046,12581,25953,24753,26496,23653,18038,-,23101,14793,13700
198911,18496,21644,14331,17645,21285,16981,33312,22568,20607,19849,19052,20203,12396,26038,24054,26549,23622,18092,-,22677,15362,13965
198912,18760,21898,14596,17909,21205,17265,33238,22598,20709,20100,19292,20259,12672,26066,24334,26928,23761,18414,-,23671,15329,14064
199001,18659,21807,14482,17597,20401,16978,33642,22997,20138,20306,19593,20512,12709,26197,24239,26634,24037,18681,-,23958,15115,14189
199002,18617,21726,14486,17537,20233,16866,33602,23998,20385,20275,19431,20384,12951,26324,24375,26690,23960,18977,-,23839,15113,14026
199003,19215,22406,14958,18344,21206,17707,33879,23820,20999,20536,19831,20494,13080,26519,24591,26886,24112,18880,-,24045,15628,13977
199004,19256,22417,15038,18390,21126,17762,33757,23689,20948,20562,19806,20498,13020,26500,24700,26930,24250,18998,-,23987,15566,14155
199005,19488,22682,15199,18686,20685,18028,33728,24040,21448,20684,19925,20664,13159,26572,24712,27171,24405,19223,-,24003,15970,14359
199006,19454,22590,15264,18633,20918,17975,33748,24219,21316,20678,19687,20611,13126,26926,25492,27084,24476,19148,-,24094,16113,14372
199007,20159,23556,15664,19120,22344,18357,33754,25884,22545,21726,20831,22129,13949,29544,25970,26605,24782,19039,-,25793,16516,15113
199008,20406,23787,15939,19364,22562,18617,33890,25761,22664,21954,21163,22150,13941,29408,25611,28315,25936,19300,-,26198,15248,15505
199009,20537,23933,16039,19427,22689,18616,38176,26091,22708,22170,21421,22442,14057,29474,25422,29390,26335,19821,-,26170,15441,15540
199010,20818,24261,16262,19715,23255,18862,38121,26019,23248,22432,21566,22641,14362,29465,26341,29105,26978,19866,-,26049,15779,15488
199011,20878,24334,16292,19837,24044,18947,37914,25662,23565,22398,21569,22579,14412,29355,26176,29232,26862,19920,-,25944,15632,15510
199012,21056,24530,16451,20065,24236,19219,37972,25678,23521,22505,21695,22809,14335,29640,26243,29689,26819,19857,-,25812,15571,15772
199101,21379,24907,16717,20328,24476,19459,38771,26512,23827,22899,22178,23244,14319,29626,26991,29990,27102,20489,-,26020,15545,15901
199102,20645,24034,16175,19129,22431,18348,39603,26547,21925,22828,22009,23204,14191,29756,27241,30312,27054,20418,-,25569,15540,15731
199103,21388,24918,16723,20274,24501,19423,39049,26710,23607,22994,22058,23259,14505,29892,27796,30421,27273,20660,-,25742,15632,16104
199104,21510,25061,16793,20383,24686,19534,38547,26689,23716,23127,22153,23443,14641,29976,28138,30300,27520,20748,-,25922,15435,16011
199105,21777,25355,17017,20729,25432,19879,38514,26497,24078,23277,22226,23740,14577,30056,28573,30311,27767,20961,-,25959,15655,16352
199106,21774,25321,17050,20600,25199,19738,38712,26517,23968,23455,22486,23625,14757,30093,29095,30524,27584,21080,-,25991,15572,16465
199107,22156,25810,17313,21026,24273,20100,39087,26760,24987,23806,22797,24290,15331,30381,29030,29706,27481,21228,-,27461,16183,16887
199108,22458,26155,17539,21396,24087,20427,39146,26686,25563,23992,22853,24612,15495,31294,29352,30144,27401,21462,-,27633,17154,16726
199109,22525,26218,17596,21419,24245,20490,39185,26658,25247,24096,22994,24849,15573,31099,28978,30590,27988,21510,-,27740,16384,17271
199110,22806,26537,17817,21796,24920,20809,41431,26966,25779,24225,22917,25152,15615,31217,29501,31891,28691,21659,-,27702,16815,17309
199111,22838,26578,17822,21877,25162,20860,41303,26910,25972,24172,22900,25154,15638,31182,29414,31569,28356,21685,-,27705,16617,17457
199112,22991,26725,17991,22065,25366,21108,41207,25897,25870,24266,23008,25264,15857,31234,29291,31852,28588,21617,-,27814,16847,17742
199201,23322,27169,18187,22317,25377,21306,41972,26711,26328,24700,23500,25630,15895,31616,30202,32482,29005,21840,-,28001,16782,17875
199202,22664,26350,17743,21270,23747,20417,41947,25898,24358,24563,23284,25273,15838,32000,29705,32767,29001,21418,-,28228,17387,18129
199203,23507,27368,18309,22504,25492,21537,42005,25528,26264,24877,23662,25683,15735,32051,30126,33326,29333,21500,-,28286,17419,18220
199204,23601,27449,18413,22593,25410,21655,41834,25850,26148,24970,23641,25736,16071,32093,30568,33425,29454,21618,-,28274,17357,18385
199205,23784,27632,18579,22815,25699,21832,41856,25687,26567,25092,23761,25918,15884,32253,31123,32945,29423,21640,-,28411,17561,18373
199206,23756,27634,18524,22737,25722,21696,41855,25878,26750,25125,23699,25903,15853,32283,31717,33477,29503,21687,-,28278,17641,18375
199207,23932,27869,18655,22898,25636,21768,41389,26583,27492,25330,23765,26245,16201,33500,31554,33136,29451,22148,-,29464,17756,18589
199208,24115,28138,18745,23174,25702,22003,41549,26898,27995,25366,23591,26597,16243,33670,31516,33381,29559,22491,-,29896,18482,18955
199209,24223,28236,18843,23230,25874,22025,41169,27289,28124,25526,23709,26684,16186,33766,31835,34504,29923,22413,-,29781,18826,19129
199210,24489,28522,19068,23651,26230,22490,41061,27838,28276,25580,23513,26801,16416,34208,32630,34148,29996,22593,-,29997,18418,19122
199211,24489,28568,19007,23723,26968,22457,43507,27980,28664,25479,23354,26861,16440,34093,32144,34094,30075,22779,-,30095,18822,19198
199212,24847,28961,19310,24134,27149,22864,43773,28046,29036,25767,23747,26987,16485,34412,32794,34735,30145,22744,-,30074,18516,19335
199301,24539,28540,19154,23468,26303,22357,44481,28413,27497,25908,23995,26937,16665,34736,33024,34287,30549,23059,-,30061,18075,19075
199302,24738,28819,19246,23753,26961,22451,44466,28811,28689,25994,23930,27121,16569,34957,33336,34900,30544,22819,-,30690,18010,19047
199303,25198,29312,19638,24417,27322,23218,44515,29202,28844,26185,24115,27223,16772,35110,33628,35010,31186,23199,-,30257,18057,19187
199304,25300,29411,19738,24459,27696,23209,44443,29373,29102,26358,24282,27201,16868,35191,34245,34442,31362,23322,-,30445,18471,19263
199305,25535,29657,19933,24756,27941,23446,44406,29650,29669,26507,24641,27281,16850,35156,33660,34664,31747,23288,-,30537,18814,19152
199306,25477,29562,19921,24606,26971,23250,44372,29413,29763,26562,24680,27173,16870,35154,33905,34554,31927,23392,-,30867,18790,19414
199307,25667,29843,20031,24728,27348,23362,44331,29304,30053,26843,24888,27929,17217,36602,34040,34154,31724,23471,-,31265,18866,19907
199308,25853,30035,20201,24925,27378,23559,44567,29439,30209,27012,25030,28302,17246,36570,34055,34259,32273,23704,-,31398,19316,20144
199309,25879,30039,20240,24963,27782,23622,44611,29480,29975,27019,25049,28347,17366,36640,34036,34303,32190,23924,-,31174,18582,19966
199310,26099,30309,20402,25220,29511,23815,47840,29912,30253,27188,25227,28572,17487,36784,34433,34013,32015,24159,-,31202,19219,20058
199311,26190,30389,20498,25286,28558,23865,47840,30445,30391,27307,25341,28602,17466,36743,34970,33775,32600,24147,-,31170,19089,19895
199312,26541,30793,20780,25765,28396,24326,47818,31250,30898,27502,25460,28900,17492,36911,35571,33834,32708,24288,-,31454,19134,20035
199401,26685,30968,20908,25868,28899,24465,48308,30984,30931,27687,25752,28946,17496,37351,35905,33615,32267,24167,-,31727,18849,20630
199402,25785,29766,20383,24316,26371,23123,48563,31200,28219,27587,25642,28749,17556,37605,35517,33909,32071,24359,-,32143,18897,19387
199403,26707,30916,20972,25881,28625,24548,48350,31404,30517,27720,25737,28838,17780,37726,35470,34255,32702,24246,-,31830,19129,20120
199404,26806,30968,21131,25852,30661,24478,48460,31730,30536,27971,25938,28978,17784,37621,36380,34295,32790,24505,-,32018,19517,20338
199405,27050,31242,21328,26195,29705,24785,48459,31995,31048,28094,26196,29054,17888,37468,36334,34433,32709,24665,-,31996,19181,20532
199406,27001,31153,21360,26044,28651,24615,48473,31889,31050,28164,26167,29033,17772,37506,37067,34383,32573,24710,-,32344,19510,20625
199407,27139,31333,21473,26169,28726,24725,48383,31635,31336,28314,26342,29351,18232,38060,36805,33919,32575,25070,-,32767,19791,20939
199408,27245,31425,21612,26295,28881,24941,48616,31897,30946,28383,26410,29327,18116,38293,35994,34014,33575,25982,-,33224,19873,21042
199409,27299,31451,21666,26309,28691,24974,49963,31959,30710,28473,26711,29639,18165,38314,35284,33572,33443,25810,-,32946,20415,21536
199410,27492,31648,21863,26507,30153,25243,49954,31743,30512,28644,26807,29796,18299,38420,36078,33969,33775,25347,-,33204,20325,21480
199411,27592,31797,21883,26707,29982,25327,49867,32836,31202,28617,26878,29881,18447,38409,35401,33992,33290,25672,-,33315,20119,21478
199412,27851,32011,22202,27012,29827,25658,49841,33074,31437,28812,27063,29920,18643,38473,36187,34153,32607,26273,-,33453,20447,21588
199501,27865,31938,22349,26772,30636,25573,50591,32709,30414,29104,27390,30068,18807,38826,36588,33663,33850,26964,-,33412,19289,22043
199502,27230,31142,21947,25711,28536,24666,50565,32254,28728,28931,27295,29541,18786,39079,35319,34002,33990,27836,-,33614,19046,21459
199503,28026,32143,22433,27141,29983,25871,50668,32565,31223,29003,27227,29754,18750,39093,36027,34001,33635,27759,-,33838,19116,21899
199504,28038,32088,22546,26973,30619,25760,50486,32661,30743,29203,27505,29666,18775,39123,36381,34348,34437,26858,-,34150,19132,21824
199505,28399,32578,22747,27514,30805,26221,50443,32591,31721,29354,27646,29820,18892,39179,36696,34484,34657,27288,-,34050,19082,21921
199506,28213,32344,22636,27096,30061,25826,50214,33134,31146,29415,27762,29868,18646,39236,36919,33858,34604,27660,-,34036,19025,21998
199507,28447,32591,22859,27318,30134,25993,50297,33227,31695,29673,28055,30306,19077,39561,36728,33665,34145,27665,-,35034,19986,22244
199508,28674,32838,23073,27618,30183,26334,50248,33085,31914,29805,28155,30710,19004,40213,36453,33878,34481,27899,-,35429,19835,22519
199509,28701,32838,23120,27503,30333,26131,53285,33826,31991,29977,28260,30950,18761,41082,36727,33535,34607,28182,-,35891,19650,22495
199510,28851,33005,23256,27723,30918,26436,52928,33867,31847,30052,28267,31431,18858,41054,36560,33850,34747,28273,-,35798,19953,22454
199511,28908,33047,23346,27819,31965,26448,52825,34058,32305,30065,28153,31734,18826,41268,36647,33869,34654,28029,-,36164,19577,22591
199512,29116,33228,23596,28018,32107,26613,53242,34084,32594,30282,28326,31741,18909,41344,37107,34504,34841,28450,-,36558,20108,22368
199601,29343,33507,23766,28280,31764,26914,53274,34138,32740,30472,28549,32148,18809,41397,37305,34817,34937,28416,-,36660,19822,22656
199602,28727,32683,23426,27076,31156,25993,53561,33742,30152,30471,28550,31909,18842,41482,37372,34899,34905,28786,-,36593,19356,22280
199603,29302,33428,23769,28114,32551,26850,53346,33843,32184,30557,28583,32328,18921,41231,37253,34878,35193,28710,-,36322,20086,22770
199604,29498,33670,23906,28189,31475,26910,53584,34798,32299,30877,28784,32582,19060,41938,38223,35096,35294,28872,-,36439,20584,22786
199605,29735,33898,24135,28431,30920,27114,53456,34319,32803,31110,28994,32675,19050,41930,38487,35584,35761,28893,-,37152,20598,22890
199606,29611,33803,23984,28142,30687,26814,53400,34509,32590,31156,29023,32977,19217,42092,38246,35362,35430,29360,-,37463,20862,22693
199607,29762,33999,24096,28314,30918,27013,53462,34312,32715,31286,29244,33036,19841,42260,37820,35649,35418,29241,-,37794,21204,22876
199608,29928,34188,24226,28410,30698,27090,53375,34464,32947,31520,29526,33632,19877,42197,37848,35204,35632,29524,-,37969,21250,23102
199609,29960,34215,24263,28369,30823,27123,53358,34153,32541,31629,29705,33572,19827,42361,37759,35160,35842,29550,-,38121,20767,23399
199610,30181,34478,24441,28662,31162,27420,53402,34230,32840,31772,29854,33847,20047,42887,37591,34641,36115,29607,-,38206,21570,23664
199611,30205,34492,24484,28649,31816,27347,53354,34290,33124,31831,29713,33813,20132,42755,38345,34534,36192,29448,-,38671,21499,23680
199612,30412,34681,24707,28876,32182,27667,54275,34790,32817,32024,29884,33849,20251,42858,38823,34385,36788,29585,-,38473,21704,23740
199701,30653,34939,24921,29039,32013,27852,55557,34910,32814,32351,30302,33893,20310,43419,39507,34030,36700,29806,-,39094,21664,24039
199702,29834,33871,24463,27580,30293,26589,55751,34901,30322,32197,29871,33258,20272,43581,40444,33646,36813,29606,-,39399,21304,22918
199703,30742,34990,25073,29017,31886,27773,55357,34895,33121,32549,30317,33856,20416,43675,40967,34332,36858,29621,-,39031,21638,23470
199704,30920,35104,25326,29094,32021,27843,55804,35292,33171,32830,30626,34006,20414,43694,41853,34467,36833,29831,-,39152,21739,23630
199705,31048,35328,25326,29403,32754,28138,55593,35404,33566,32769,30533,34571,20426,43690,41204,34150,36643,29841,-,39658,21705,23601
199706,30854,34987,25318,29127,32328,27820,55521,34672,33538,32656,30530,34140,20225,42930,41193,33456,37028,29743,-,39766,21916,23335
199707,31098,35265,25541,29323,32570,28064,55176,34467,33586,32947,30700,34357,20534,42831,42560,34202,36584,29565,-,40042,22256,23543
199708,30931,35090,25387,29388,32673,28132,55538,34397,33651,32533,30194,34830,20792,42665,40293,33560,37142,29931,-,39492,21924,23504
199709,30939,35128,25371,29482,32835,28198,55686,34526,33850,32449,30341,34960,20510,42941,38961,33596,36628,30513,-,39302,22063,23396
199710,31290,35564,25600,30103,32986,28955,56947,34861,33813,32518,30162,35513,20542,42894,39520,33599,36572,30565,-,39570,22257,23295
199711,31266,35473,25648,30009,33052,28862,56244,34326,33753,32571,30027,35607,20877,43083,39571,33991,37230,30992,-,39608,22304,23208
199712,31542,35724,26021,30203,33194,28951,55456,34436,34530,32923,30437,35695,20660,43867,40484,33978,37361,30658,-,39833,22521,23193
199801,31317,35415,25917,29667,33133,28629,57496,35376,32744,33014,31039,35536,20786,43927,39750,33650,36826,30337,-,39377,21607,24104
199802,31320,35300,26088,29188,32885,27975,57583,36018,33093,33516,30879,35316,20255,44502,43539,34117,37541,30833,-,40004,21612,24576
199803,31858,35983,26442,29963,33270,28811,57808,35224,33691,33808,31344,35118,20945,44275,43659,34771,37284,30011,-,40128,22758,25489
199804,31896,35928,26605,30087,33573,28957,57736,36308,33652,33751,31602,35315,20939,44694,42161,34221,36961,30130,-,39930,23110,25117
199805,32024,36022,26779,30261,33428,29073,57792,35744,34159,33832,31796,35392,20925,45065,41720,34679,36827,30329,-,40011,23048,24819
199806,31922,35959,26611,30157,33451,28924,57737,35190,34326,33731,31307,35463,20736,44751,42798,34300,36467,30322,-,40496,22983,25268
199807,32067,36172,26679,30328,33684,29145,57835,35234,34266,33846,31530,35662,20864,44548,42652,34622,36292,30263,-,40729,23107,25398
199808,32037,36163,26629,30283,33594,29029,57888,35358,34626,33825,31379,35812,20818,45168,41859,35651,36704,30358,-,41283,23360,25171
199809,32090,36164,26757,30224,33793,28978,58039,35030,34518,33986,31442,35919,20787,45297,41850,36316,37443,30272,-,41809,23450,25049
199810,32131,36214,26809,30301,33664,29092,58113,34808,34475,33987,31321,35978,21016,45276,42118,35774,37222,30306,-,41873,23646,25510
199811,32118,36227,26752,30342,33805,29113,57820,35289,34650,33915,31209,36098,21064,45575,41868,35162,37381,30434,-,41727,23738,25237
199812,32365,36455,27034,30686,34029,29455,57767,35491,35092,34059,31248,36307,21323,45320,42097,35728,37114,30502,-,42503,24381,25609
199901,32580,36675,27256,30839,33794,29620,58531,35304,35138,34330,31725,36521,20980,44735,42559,35336,36932,30808,-,43155,24059,25916
199902,31822,35753,26729,29469,33465,28553,59755,35902,31883,34191,31888,36285,21394,44955,40904,37110,37765,30646,-,41678,23082,25441
199903,32636,36745,27312,30849,34415,29698,60245,36455,34590,34437,32080,36463,21393,45313,41790,35189,38455,30945,-,41865,23180,25726
199904,32930,37061,27571,30944,35057,29797,60234,36822,34620,34930,32434,36636,21509,45627,43527,36911,38620,31154,-,41901,23724,26132
199905,33068,37199,27710,31102,35003,29952,60223,37182,34836,35052,32552,36562,21501,45371,43643,37106,39490,31133,-,42323,24082,25931
199906,33102,37256,27723,31060,34801,29907,60234,36886,34841,35164,32487,36628,21526,45264,44624,36932,39466,31087,-,42534,24203,26309
199907,33156,37288,27829,31194,34594,30061,60008,36787,34931,35123,32713,36721,21775,45715,43154,37735,39263,30867,-,42567,24229,26480
199908,33223,37350,27906,31206,34532,30056,59903,36374,35108,35246,32864,36626,21906,46271,43071,37861,39440,30695,-,43025,24354,26540
199909,32783,36834,27563,30841,34750,29660,60142,35763,34891,34731,31924,36475,21654,46396,42258,36286,39997,30659,-,43426,24300,25963
199910,33316,37371,28094,31464,35699,30324,60341,36262,35310,35175,32697,36926,21649,46812,42765,35723,39471,30785,-,43169,25095,26016
199911,33574,37668,28294,31719,35770,30638,59700,35849,35380,35434,33044,37260,21840,46825,43125,35544,39508,30840,-,43272,24851,26636
199912,33989,37980,28854,32008,35687,30917,59732,35257,35784,35980,33361,36970,21912,46919,46175,35290,39708,30588,-,43883,25215,26904
200001,34031,38088,28835,31814,36284,30649,60682,35615,35909,36252,33383,37039,22382,46591,47706,36343,40305,30838,-,43415,25870,26994
200002,32925,36800,27978,30386,35641,29472,60876,36098,32964,35459,32731,36614,22444,46559,44358,36119,39852,30892,-,43485,25182,25702
200003,33786,37763,28700,31706,36137,30585,60692,36034,35668,35862,32776,37428,22496,46957,46318,36512,40102,31339,-,43227,25035,26557
200004,33826,37839,28692,31762,36310,30745,60299,36383,35160,35883,33068,37265,22377,47316,44990,36513,40453,31238,-,43750,24926,26834
200005,33952,38086,28674,31982,36111,30940,61340,36874,35494,35914,33323,37534,22377,47934,43652,36385,40754,31567,-,43706,24954,26891
200006,34020,38070,28863,32038,36166,31043,60726,36777,35345,35997,33454,37651,22299,48015,43683,36077,40652,31744,-,43817,24752,27014
200007,34026,38138,28814,32117,36240,31152,60783,36965,35267,35924,33410,37604,22683,48155,42741,36728,40731,31544,-,44433,24873,26962
200008,34029,38165,28806,32120,36033,31143,60890,36999,35359,35918,33571,37547,22679,48439,41653,36591,40840,31562,-,44727,25060,27629
200009,33961,38181,28636,32112,36472,31090,60765,37633,35595,35796,33433,37703,22254,48698,41867,36323,40385,31142,-,44047,25107,27652
200010,34181,38315,28947,32326,36161,31342,61001,37954,35600,36017,33602,37748,22475,48200,42060,36626,41061,31624,-,44421,25743,27843
200011,34098,38163,28956,32218,36131,31212,60672,37477,35666,35956,33463,37596,22365,48130,42605,36131,41031,31234,-,44218,26029,27514
200012,34261,38243,29228,32321,36441,31329,60868,37629,35632,36178,33467,37821,22533,48264,43434,36154,41080,31544,-,44893,26395,27752
200101,34081,37902,29277,31767,36085,31120,61377,37535,33020,36354,33554,37526,22316,48564,45187,37015,41015,31149,-,44341,26236,27220
200102,34077,38088,29022,31775,36621,30771,61409,37249,35128,36336,33840,37611,22312,48360,43085,37203,41588,31031,-,45679,25951,27036
200103,34436,38564,29235,32352,37364,31399,61146,37518,35455,36478,33860,38054,22816,48957,42852,37290,41348,31532,-,45863,26199,27060
200104,34146,38196,29072,32083,36617,31189,61645,37813,34762,36154,33414,38134,22682,48899,41848,37323,41431,31577,-,45783,26273,26983
200105,34203,38280,29084,32280,36921,31385,61179,37904,35029,36067,33544,38230,22617,49058,40537,37235,41251,31680,-,45851,26208,27024
200106,34321,38104,29570,32092,36101,31191,61191,38031,34823,36474,33386,37964,22700,48960,44724,36518,41447,31436,-,45554,25894,27172
200107,34749,38416,30143,32199,36696,31451,60313,37531,34125,37202,33265,37936,23413,48124,51457,35335,41099,31624,-,45707,26083,27262
200108,35018,38603,30509,32328,36785,31595,60638,37405,34148,37601,33347,38302,23367,48632,54013,35732,40741,31733,-,45241,26226,27224
200109,34388,38139,29681,31869,37937,31155,60597,37624,33482,36799,33520,37979,23441,48778,46866,36107,41329,31585,-,44904,25997,27255
200110,34668,38502,29876,32338,38323,31553,61303,38009,34379,36898,33850,38545,23348,48598,45960,35579,41139,31587,-,45392,26306,27675
200111,34795,38505,30151,32256,38605,31420,60586,37839,34636,37224,34009,38441,23427,48589,48319,35393,41364,31568,-,44979,26465,27102
200112,34930,38640,30288,32337,38868,31502,60916,37853,34653,37414,33945,38434,23416,48664,49900,35210,41801,31365,-,45210,26576,27351
200201,35049,38735,30449,32436,39301,31637,61616,37888,34517,37557,34163,38336,22791,48821,50763,35518,41213,31791,-,45276,26222,27459
200202,33996,37550,29601,31022,38170,30494,62481,37846,31304,36832,33889,37582,23296,48767,47402,35367,39816,31442,-,45265,26819,26424
200203,34712,38445,30100,32155,39040,31477,62316,37531,33529,37156,33947,38067,23436,49202,49011,35208,40664,31566,-,44999,26766,26953
200204,34947,38615,30412,32245,38950,31492,62293,37348,34134,37536,34322,38278,23588,48883,50647,35618,40850,31193,-,45102,26660,27403
200205,34858,38665,30141,32460,38836,31695,62104,37716,34464,37168,34335,38535,23496,48945,47504,35167,41012,31311,-,45039,26581,26954
200206,34694,38260,30266,32092,38755,31336,62307,37568,34015,37196,34055,38347,23360,48779,49426,35244,40640,31126,-,45215,26393,26733
200207,34787,38476,30209,32394,38907,31684,62384,37541,34094,37087,34061,38502,23157,48618,48940,34963,40026,30688,-,45409,26732,27128
200208,34909,38362,30640,32321,38877,31625,62477,38050,33893,37384,33931,38526,23220,48575,51906,35043,40510,30953,-,45311,26101,26727
200209,34579,38028,30315,32095,38783,31469,62438,38241,33203,36951,33648,38214,23033,48592,49918,34933,40562,30900,-,45088,25406,26627
200210,34734,38357,30259,32560,39083,31861,62627,37804,34179,36809,33555,38400,23063,48215,49045,35266,41151,30260,-,45325,25423,26690
200211,34615,38293,30070,32432,38908,31709,62407,37362,34239,36687,33752,37894,23211,48139,47854,35231,40974,29974,-,44992,25535,27021
200212,35060,38578,30724,32693,39062,31961,62148,37482,34572,37300,33892,37987,23219,48307,52136,35393,40851,30153,-,45064,25929,27839
200301,35039,38643,30588,32732,39209,32011,62819,37708,34471,37215,34070,38309,22800,48216,50645,35281,40778,30379,-,45137,25943,27690
200302,34165,37583,29939,31595,38085,31124,62822,37151,31724,36589,33922,37576,23188,48140,46747,35466,40847,29908,-,45254,26287,26393
200303,34631,38311,30084,32605,39287,31968,63052,37540,33864,36549,33877,38040,23315,48369,45700,35395,41142,29927,-,45548,25893,26875
200304,34725,38385,30205,32625,39464,31904,62846,37615,34417,36716,34064,38141,22609,48357,46587,35816,40937,30081,-,45615,25707,26889
200305,34534,38187,30011,32715,39884,31993,62847,37395,34557,36262,33693,37022,21610,47991,46203,36076,40889,29765,-,45196,24292,26094
200306,34690,38110,30469,32421,39717,31768,62826,37635,33800,36845,33811,37522,21828,47808,49896,35572,41430,30159,-,44790,25559,26627
200307,35171,38489,31073,32644,40163,32012,63049,37521,33925,37564,34053,38086,23155,48189,53438,35137,41818,29814,-,45536,26148,26980
200308,34897,38457,30527,32704,39874,32041,63181,37954,34179,36961,34149,38000,23465,47690,48585,34551,41059,29756,-,45586,26530,26700
200309,34862,38321,30626,32512,39260,31866,63140,37965,33866,37073,34103,37989,23591,48403,49625,34572,40622,29877,-,45444,26419,26694
200310,34942,38509,30581,32869,39398,32180,63386,37794,34532,36890,34049,38325,23416,48493,48170,34617,40915,29712,-,45329,26099,27026
200311,34787,38234,30567,32620,39536,31987,63110,37398,33970,36816,34078,38184,23204,48442,47951,34160,40673,29265,-,45604,26158,27314
200312,35187,38612,30994,33048,39658,32456,62955,37801,34199,37187,34467,38603,23166,48024,49362,34180,40497,29753,-,45777,26090,27755
200401,34856,38203,30764,32342,38815,31938,64098,37801,32117,37203,34233,38228,23018,48556,50602,34675,40687,30296,-,45317,26544,27216
200402,34945,38317,30820,32714,39095,32161,64009,37308,33554,37027,34206,37698,23152,48487,50577,34227,40347,29462,-,45071,26291,26597
200403,35097,38718,30675,33121,39643,32485,63996,36562,34631,36946,34312,38137,23115,48517,48470,35452,41175,29920,-,45002,26234,26843
200404,35105,38681,30740,33100,39793,32436,63762,36807,34792,36973,34222,38027,23168,48451,48816,35290,41196,30041,-,45697,26221,26617
200405,35072,38683,30660,33134,39985,32510,63962,36807,34558,36882,34336,38119,22774,48340,47971,35594,41176,30303,-,45401,26695,26688
200406,34956,38480,30657,32960,39901,32319,63818,36898,34511,36814,34205,38029,22415,48248,48715,34952,41039,29966,-,45364,27058,26582
200407,35053,38652,30662,33104,39577,32456,64365,37204,34705,36863,34292,38577,22944,48219,48000,34924,41469,29600,-,45740,26804,26892
200408,35046,38634,30666,32995,39430,32373,63921,37265,34417,36946,34294,38365,22949,47656,48712,34969,41860,29476,-,46352,27253,26395
200409,35087,38677,30708,33007,39150,32426,63829,37368,34185,37009,34217,38311,22932,47714,49463,34637,41769,28908,-,46598,27771,26827
200410,35175,38765,30803,33321,39699,32724,64030,37351,34613,36885,33968,38652,23003,47945,49073,35167,42099,29252,-,45845,27698,26757
200411,35247,38854,30863,33380,39918,32776,63807,37801,34721,36963,34207,38582,23088,48181,48919,34739,42309,28855,-,46014,27521,26661
200412,35501,39160,31049,33671,39899,33029,63715,38275,35254,37183,34385,38876,23212,48152,49176,35087,42243,29606,-,46516,27753,26721
200501,35571,39245,31095,33746,40362,33145,64698,38451,35006,37237,34384,38720,23418,47940,49949,34671,42440,29528,-,46476,27590,26994
200502,34465,37683,30554,32022,38809,31811,64023,38128,30663,36692,33679,37781,23511,47868,49642,33492,42028,29098,-,46000,27456,26482
200503,35448,38951,31174,33623,40433,32994,64975,38356,35036,37109,34155,38915,23439,48364,49275,35649,42542,29237,-,46723,27680,26527
200504,35382,38809,31193,33481,40410,32872,64311,38740,34773,37105,34112,38668,23263,48335,49698,36020,42288,29568,-,46639,27650,26895
200505,35483,38930,31270,33642,40535,33004,64228,38592,35137,37143,34283,38998,23401,48383,48939,35634,42262,30074,-,46695,27426,26872
200506,35362,38765,31208,33502,40824,32863,64277,38419,34985,37028,34100,38865,23264,48581,49182,34668,42132,29990,-,46636,27636,26804
200507,35294,38707,31141,33512,40158,32890,64075,38562,34906,36883,33897,38907,23311,48471,49521,34158,42020,29203,-,46733,27782,26802
200508,35442,38959,31178,33774,40159,33184,64090,38804,34989,36934,33844,39024,23412,48856,49675,33981,42085,29462,-,46673,28278,26540
200509,35362,38772,31225,33675,40034,33045,64040,38880,35120,36864,33837,39280,23030,48468,49140,34856,41921,29474,-,46806,28039,26624
200510,35442,38867,31287,33952,40581,33308,64434,38522,35515,36765,33738,39293,23014,48589,49009,34550,41900,29390,-,46298,28128,26830
200511,35538,39021,31321,34209,40608,33585,64147,38193,35732,36717,33865,39070,22995,48673,48727,33319,41982,29478,-,45799,28049,26731
200512,35781,39196,31647,34302,40754,33565,65498,39143,36374,37089,33925,39495,23209,49050,50716,33810,42005,29684,-,46390,28124,27175
200601,35823,39176,31778,34153,41012,33612,65572,38219,35032,37291,33890,39323,23387,48584,53210,33252,42471,29558,-,46416,27951,27143
200602,35148,38270,31388,33290,40482,32884,65913,38156,33224,36787,33500,38812,23192,48664,51578,32803,42345,29130,-,45607,28364,26808
200603,35608,38997,31520,34219,40946,33573,65989,38238,35749,36835,33765,39320,23210,48420,50211,33357,42578,29483,-,45942,28559,27125
200604,35637,39017,31574,34120,40881,33536,65946,38095,35278,36973,33816,39210,23012,48810,51246,33779,42783,29318,-,46186,28760,27047
200605,35709,39130,31579,34249,41016,33696,65878,38160,35223,36991,33999,39378,23019,48921,50391,34170,42860,29623,-,46144,28759,27059
200606,35636,38958,31633,34129,40949,33548,65816,37964,35288,36958,33785,39315,23090,48820,51269,33885,42776,29907,-,46021,28192,26976
200607,35648,38970,31650,34179,40895,33625,65767,38136,35174,36933,33767,39142,23337,48709,51759,33415,42636,29530,-,46238,28004,27088
200608,35810,39161,31773,34421,40694,33804,65838,37696,35828,37028,33796,39172,23463,48878,52435,32813,42649,29593,-,46380,28423,26854
200609,35871,39106,31968,34283,39948,33592,65514,37266,36159,37264,33913,39151,23402,48874,53854,33029,42659,29618,-,46726,28141,26867
200610,35785,39039,31853,34364,39867,33767,65698,36911,35677,37030,33858,39187,23251,48885,51549,33760,42459,29643,-,47028,28462,27163
200611,35884,39135,31967,34535,40193,33858,65161,36401,36402,37063,33908,39142,23073,48566,52495,32547,42470,29721,-,46504,28862,27411
200612,36120,39337,32240,34664,40748,33954,65598,36628,36677,37389,34112,39098,23068,48757,54246,33131,42336,29764,-,46844,29562,27544
200701,36232,39523,32267,34918,40745,34202,64683,36530,37034,37375,34150,39146,23096,48962,53770,32858,42881,30266,-,46574,29059,27430
200702,35558,38528,31990,33580,40097,33270,65630,36426,33054,37269,34090,38727,23211,49125,53818,32411,42844,29118,-,47262,29156,27117
200703,36164,39387,32290,34799,41008,34112,66512,36551,36665,37346,34314,39016,23247,49183,52732,33597,42585,30110,-,46906,28934,27258
200704,36129,39291,32336,34621,40774,33979,66464,36267,36207,37434,34207,39109,23233,49112,54630,32833,42638,29770,-,46599,29021,27195
200705,36271,39555,32328,34980,40777,34256,66085,36319,37128,37386,34228,39231,23386,49054,53690,33144,42568,30026,-,46854,28903,27194
200706,36276,39385,32543,34560,40885,33881,65614,36155,36423,37759,34208,39217,23326,48975,57454,32568,42435,30102,-,47071,28361,27134
200707,36291,39550,32385,34653,40943,34013,65386,36106,36318,37700,34001,39302,23736,49052,57816,32194,42467,29802,-,47475,28239,27047
200708,36741,39699,33203,34690,40961,34150,65510,35988,35770,38504,34131,39577,23709,49425,63970,32696,42716,30047,-,47622,28758,26967
200709,36417,39473,32768,34444,40442,33910,65354,36086,35463,38119,34383,39563,23736,49169,58954,33015,43054,29935,-,47709,28942,26991
200710,36543,39789,32659,34978,40391,34397,65605,36625,36316,37895,34536,39742,23675,49211,54991,34570,43539,30110,-,48050,29086,27580
200711,36535,39769,32660,34921,40124,34319,65369,36260,36427,37929,34809,39808,24146,49179,54504,33318,43611,30023,-,47898,28680,27031
200712,36632,39888,32733,35035,39887,34407,65540,36053,36732,38010,34978,40034,24312,49186,53449,34948,43879,30381,-,48053,28996,27000
200801,36803,40042,32923,35264,39973,34638,65165,35821,36986,38124,34997,40556,24333,49403,54128,34546,43982,30253,-,47954,29016,27609
200802,36206,39230,32599,34108,39308,33872,66692,35421,33258,37999,34757,40027,24696,49778,54251,34156,44111,29909,-,47929,29535,26964
200803,36557,39907,32558,35181,40291,34517,66779,35824,37047,37734,34711,40258,24263,49289,51684,34765,44311,30079,-,48095,29834,27044
200804,36703,39978,32795,35133,40351,34553,66284,36096,36510,38047,34928,40101,24242,49434,54033,35870,44202,30042,-,47768,29594,27216
200805,36685,40146,32556,35334,40561,34630,66026,36318,37503,37838,34904,40361,24226,49360,51753,35521,44158,30143,-,48337,30035,27440
200806,36518,39859,32519,35025,39992,34382,65606,36092,36820,37788,34848,40103,24117,49631,52090,35969,44107,30015,-,48224,29466,27226
200807,36522,39832,32557,35093,39644,34500,65087,35955,36638,37733,34770,40133,24427,49544,52455,35673,44055,29656,-,48210,29545,27237
200808,36526,39982,32386,35240,39689,34610,64062,36235,37001,37616,34836,39927,24526,49465,50691,34938,44634,29851,-,48187,30227,27200
200809,36586,39840,32691,35078,39251,34467,64564,36071,36663,37864,34750,39828,24427,49542,53852,34725,44547,29707,-,47878,28936,27370
200810,36514,39971,32379,35183,39444,34452,64491,36016,37501,37637,34838,39937,24620,49409,50985,34512,44598,29608,-,47811,30235,27494
200811,35598,38862,31688,33785,39562,32976,63668,35921,36337,37120,34312,39403,24111,49083,50066,34162,44075,28997,-,47578,29604,27294
200812,35367,38538,31541,33113,39794,32094,64588,36277,36627,37247,34166,39525,24074,49370,50772,33351,43823,29435,-,48264,29157,27553
200901,34914,38028,31186,32440,39807,31666,64836,35806,34457,36911,34200,38989,24535,49387,51025,33405,44061,29028,20699,48082,28694,27764
200902,35095,38176,31406,32735,40342,31758,65079,35991,35915,36992,34387,39201,24439,49434,51280,32594,43839,28858,21223,48019,28686,27304
200903,35490,38675,31673,33389,40381,32283,65021,36488,37360,37173,34370,39686,24309,49188,52644,34473,43743,28949,21555,47831,29194,27378
200904,35564,38737,31758,33487,40297,32402,65260,36622,37295,37226,34438,39708,24160,49219,52969,35194,43802,28882,21557,47666,29115,27256
200905,35540,38779,31667,33552,39998,32474,64496,36505,37356,37133,34394,39683,24269,49306,51851,35757,43889,28715,21377,48030,29466,27467
200906,35689,38855,31891,33711,40911,32612,64672,36356,37640,37270,34391,39413,24327,49249,53295,36436,43579,28512,21396,48614,29119,27234
200907,35663,38910,31774,33737,40828,32672,64831,36157,37476,37201,34487,39625,24590,49412,52166,36405,43611,28242,21510,48553,29200,27254
200908,35641,38817,31831,33620,40650,32605,64450,36398,37018,37254,34506,39419,24737,49102,52651,35442,43674,28366,21247,48953,29297,27197
200909,35792,39034,31913,33832,40705,32788,64532,36372,37440,37356,34714,39730,24645,49095,52588,35599,43608,28388,21430,48971,29710,27200
200910,35897,39169,31983,34070,40361,32995,64531,36244,37908,37353,34795,39595,24559,49092,52508,35637,43947,28655,21138,48733,29486,27091
200911,35877,39079,32038,34038,40721,32956,64411,36358,37912,37339,34931,39463,24575,49094,52356,36290,44132,28460,21346,48256,29252,26852
200912,36307,39451,32546,34300,40750,33232,64569,36462,38138,37900,35273,39966,25070,49421,55284,37406,43874,28424,21496,48827,29363,27282
201001,36234,39402,32443,34326,41185,33300,65126,36558,37882,37754,35145,39567,24727,49222,54791,37951,43950,28622,21431,48711,29791,27694
201002,35559,38516,32023,33250,40604,32612,65455,36163,34487,37400,34952,38907,24957,49433,53245,35795,43947,28353,20790,48458,29722,27284
201003,36072,39253,32263,34358,40535,33340,65481,36595,37909,37453,34830,39604,24734,49657,53021,35606,43982,28807,21773,48951,30009,27047
201004,36207,39299,32496,34254,40702,33263,65382,36492,37621,37782,35066,39556,24660,49687,55720,36354,44098,28731,21535,48809,29981,26761
201005,36234,39361,32480,34409,40855,33439,65129,36125,37761,37710,35234,39597,24797,49946,54219,35532,44011,28719,21538,48936,30151,27119
201006,36246,39261,32615,34323,41014,33331,65098,36176,37796,37806,35212,39486,24596,49822,55825,35819,43919,28706,21375,48924,29289,27355
201007,36169,39267,32446,34388,41167,33424,65124,36166,37743,37617,35173,39544,24880,49888,53607,35890,44064,28743,21389,49163,29258,27376
201008,36272,39424,32493,34469,41134,33543,65216,36062,37629,37737,35185,39422,25277,49841,53796,35722,44115,28583,21009,49886,29404,27679
201009,36274,39332,32620,34331,40609,33439,65155,36229,37280,37851,35187,39403,25014,49827,55183,35611,44182,28469,20758,49797,30565,27813
201010,36440,39528,32753,34559,40510,33622,65152,36287,37808,37966,35514,39550,25133,49946,54784,36370,44290,28682,21141,49050,30381,28083
201011,36395,39520,32669,34530,40147,33574,65481,36086,37888,37908,35408,39714,24965,50030,54376,37449,43879,28987,21328,48969,30474,27990
201012,36679,39820,32925,34701,40834,33736,65126,36470,38133,38281,35421,40320,25444,50070,56720,38223,44027,29148,21467,49267,30176,28084
201101,36685,39822,32929,34727,41093,33909,65759,36492,37285,38269,35871,40056,25426,50045,54773,37741,44244,29150,21194,49557,29614,28527
201102,36051,38934,32600,33699,40970,33136,65943,36346,34671,37955,35484,39890,25581,50354,54339,36080,44120,28708,20737,49211,29973,27915
201103,36555,39660,32838,34721,41309,33849,65913,36553,37617,38050,35574,40176,25461,50252,54005,36056,44358,29225,21367,49580,29843,27936
201104,36632,39683,32985,34627,41191,33768,65985,36477,37432,38264,35598,40069,25543,50734,55650,35614,44509,29169,21114,49932,30028,28285
201105,36688,39831,32944,34789,41378,33951,65637,36331,37534,38234,35694,40307,25541,50688,54494,36128,44515,29254,21223,50125,29971,28311
201106,36587,39679,32906,34628,41348,33795,65785,36353,37345,38179,35602,40041,25426,50488,54905,35685,44446,29277,21064,50143,30412,28107
201107,36697,39833,32965,34750,41450,33939,65651,36254,37382,38280,35659,40381,25626,51305,54953,35846,44534,29365,21129,50075,30434,28100
201108,36881,40032,33136,34946,41117,34052,65721,36287,38087,38447,35704,40523,26001,51090,54751,35590,44851,29547,21274,51043,30997,28204
201109,36940,40063,33238,34868,41335,33981,65902,36115,37955,38611,35891,40554,25951,51177,56012,36141,44918,29460,21385,50493,31017,28421
201110,37019,40183,33261,35058,41165,34129,66641,36516,38303,38597,36074,40480,25780,51532,55303,35909,45176,29488,21298,50222,30647,28530
201111,36917,40104,33127,35041,41345,34102,66711,36593,38325,38423,35955,40561,25624,51478,54183,35872,45185,29607,21430,50089,30667,28356
201112,37160,40323,33396,35163,41629,34245,66839,36769,38302,38757,35974,40918,25956,51693,56699,35684,45175,29532,21445,50679,30962,28320
201201,36955,39932,33429,34683,41358,34126,67257,36560,35640,38770,36089,40188,26245,51738,56364,36232,45382,29614,20860,50571,31434,29075
201202,36975,39994,33383,34930,41526,34180,67346,36291,37068,38611,35961,40203,26344,51695,54972,36228,45561,29964,21478,50110,31490,28737
201203,37286,40302,33689,35328,41970,34492,67268,36224,38017,38849,36074,40748,26411,51786,55825,36092,45546,30226,21507,50955,31535,28726
201204,37326,40323,33760,35205,41608,34422,67367,36273,37577,39023,36104,40549,26820,52050,56833,36864,45820,30111,21671,51022,31723,28879
201205,37342,40406,33694,35415,41345,34616,67225,36381,37928,38880,36157,40736,26751,51938,55224,37803,45761,30088,21466,50835,31767,28814
201206,37257,40275,33663,35118,41528,34338,67241,36289,37492,38966,36014,40420,26550,51896,57378,37420,45734,30085,21445,50902,31221,28725
201207,37287,40334,33656,35241,41775,34476,67215,36227,37553,38921,36031,40605,26644,52053,56479,37272,45887,30099,21535,51035,31254,28791
201208,37082,40135,33443,35171,41662,34442,67255,36191,37263,38609,35799,40547,26466,52093,54364,36058,45715,29900,21831,51481,31833,28593
201209,37109,40101,33555,35145,41638,34427,67193,35788,37191,38673,35735,40382,26358,52125,55369,35907,45425,30107,21831,51675,31977,28322
201210,37204,40346,33468,35499,42738,34711,67276,35893,37976,38559,35828,40503,26732,52243,53535,36259,45773,30161,21751,51008,31994,28416
201211,37171,40247,33510,35437,42436,34633,66744,35869,37999,38545,35830,40523,26798,52391,53273,35757,45873,30133,21615,50959,32217,28521
201212,37347,40397,33718,35505,42399,34660,66836,36077,38284,38803,35757,40695,27013,52518,55253,35582,46167,30176,21507,51530,32455,28766
201301,37520,40622,33815,35673,43025,34762,67173,36001,38831,38979,35926,40695,27069,52555,56551,35898,46247,30344,21384,50859,32642,28951
201302,37074,39950,33646,34786,42646,34242,67074,35771,35711,38879,35834,40425,27100,52926,56337,35549,45940,30357,20536,50780,33166,28504
201303,37462,40567,33756,35693,42571,34800,67355,35964,38745,38856,35956,40672,27222,52653,54767,36142,46466,30373,21434,50834,32988,28672
201304,37510,40543,33893,35581,43074,34758,67261,35710,38233,39031,35999,40782,27475,53310,55979,36827,46318,30488,21773,50435,33144,28652
201305,37590,40743,33829,35836,42777,34952,66863,35961,38909,38972,36002,40776,27400,53275,54625,37272,46422,30453,22198,51016,33139,29016
201306,37551,40601,33909,35585,42794,34722,67140,35782,38498,39102,36012,40712,27341,53236,56531,36825,46253,30576,21834,51052,32764,28952
201307,37613,40698,33929,35734,42835,34855,67077,35723,38786,39094,36121,40685,27272,53034,56639,37272,46104,30420,21979,51006,32258,28958
201308,37651,40646,34084,35662,42392,34881,67024,35638,38138,39218,35984,40624,27677,52849,58212,36620,46231,30507,22050,50831,32522,29303
201309,37591,40635,33975,35668,42384,34882,66962,35694,38170,39102,36008,40550,27461,52934,57715,36040,46096,30455,21670,50534,33017,29054
201310,37643,40762,33934,35909,43104,35120,66913,35841,38442,39006,36211,40820,27621,52855,55372,35775,46300,30323,21995,50409,33548,29267
201311,37627,40705,33970,35828,43350,35032,66859,35645,38413,39040,36135,40791,27583,52681,55636,35724,46213,30350,22437,51190,33357,29148
201312,37845,40914,34194,35939,43025,35185,66937,35619,38301,39344,36155,40789,27843,52636,57617,36501,46179,30603,22457,51939,33270,29063
201401,37963,41003,34347,35998,43256,35288,67616,35669,38078,39502,36337,40650,28255,52773,58349,36974,46454,30544,22275,51422,33490,29560
201402,37556,40401,34179,35342,42952,34737,67087,35502,36776,39291,36068,40263,28418,52721,58291,36749,46059,30394,21974,51134,33408,29013
201403,37968,40990,34366,36062,42966,35226,67458,35579,38916,39461,36251,40685,28562,52689,58291,36723,46204,30675,22685,51385,33569,28827
201404,38077,41076,34507,36073,42901,35289,67389,35772,38627,39648,36351,40672,28476,52940,60275,37143,46393,30819,22532,50845,33355,28473
201405,38120,41119,34550,36202,42533,35401,66765,35704,38922,39621,36563,40542,28683,52722,58545,36746,46354,31022,22647,51486,33151,28642
201406,38207,41098,34775,36065,42442,35226,66510,35745,39009,39887,36649,40450,28404,52844,61346,36547,46392,31164,22576,51675,32635,28711
201407,38532,41320,35224,36211,43133,35365,66743,35786,39220,40353,36893,40599,28351,53068,65110,36556,46456,31352,23092,51870,32969,28699
201408,38297,41285,34761,36371,43426,35528,66551,35811,39416,39804,36781,40551,28472,52941,58800,37121,46571,31465,23371,52128,32983,28616
201409,38390,41307,34951,36273,43222,35503,66528,35846,38867,40045,36866,40531,28429,53023,60840,37266,46732,31557,23107,52110,33029,28557
201410,38489,41505,34930,36525,43247,35702,66557,35888,39472,40021,37098,40672,28408,53325,59734,37005,46869,31476,23193,51613,33306,28833
201411,38291,41288,34758,36263,42965,35483,66544,35852,38919,39874,37043,40580,28668,53406,57639,37829,46908,31364,22911,51844,33407,29258
201412,38732,41691,35232,36527,43230,35722,66789,35693,39380,40450,37456,40747,28897,53674,60655,38334,47055,31526,23261,52493,33480,29342
201501,38559,41597,34973,36495,43334,35787,66452,35592,38756,40165,37333,40848,28785,53392,58629,38310,47369,31518,22724,52039,33547,29433
201502,38163,40993,34822,35765,42571,35263,66762,35567,36690,40020,37109,40735,28831,53247,58714,38107,47177,31404,22397,51834,33760,28846
201503,38530,41533,34985,36436,43163,35744,66699,35445,38607,40157,37296,40986,28741,53503,58812,37858,47457,31350,23146,51968,33660,29077
201504,38602,41518,35156,36388,42309,35756,65680,35615,38229,40320,37146,41127,28834,53649,60322,37856,47397,31600,22838,52739,33617,29015
201505,38643,41605,35144,36452,42220,35841,66121,35674,38154,40341,37248,41203,28877,53834,59268,37920,47663,31716,22988,53283,33637,29049
201506,38832,41688,35451,36476,42282,35796,66070,35703,38608,40657,37464,41047,28558,54010,61941,37307,47764,31768,22880,53731,33408,28851
201507,38869,41795,35404,36674,42807,35972,65870,35758,38942,40566,37551,41246,28826,54128,60203,36742,47852,31890,23026,53641,33523,29097
201508,38776,41663,35356,36669,42385,36012,65825,35297,38702,40400,37371,41122,29137,54000,59616,36036,47829,31962,22893,52953,33845,29080
201509,38747,41605,35362,36650,42561,35975,65734,35120,38805,40360,37466,41083,28868,53978,59197,35747,47715,32021,22915,52777,33860,29132
201510,38938,41848,35480,36889,42988,36235,65683,35213,38941,40512,37811,41070,29069,53947,58808,36213,47819,32165,22950,52806,34059,29168
201511,38827,41699,35409,36822,43014,36125,65678,35220,39119,40363,37674,40995,28863,53850,58293,36252,47747,31916,23085,52820,33773,29475
201512,39114,41960,35725,37055,42962,36332,65927,35276,39530,40689,37915,41249,28991,53901,60010,35661,48016,32110,23315,53269,34143,29565
201601,39129,41933,35791,37017,43250,36376,66410,35357,38954,40742,37893,41174,28873,54149,60511,36032,48163,32182,23063,53369,34384,29608
201602,38631,41284,35482,36213,42420,35897,66391,35106,36127,40475,37808,41020,29031,54213,59471,35796,47847,31861,22453,52288,34379,29525
201603,39190,41972,35876,37062,43170,36450,66356,35172,38864,40813,38088,41277,28827,54370,61335,35696,47991,31973,23312,52797,34397,29395
201604,39217,41970,35944,36917,42558,36351,66257,34949,38454,40969,38003,41426,29003,54671,62804,36203,48089,31954,23294,52836,34204,29576
201605,39240,42018,35932,37090,42589,36505,65320,35384,38781,40879,37876,41577,29109,54691,61593,37165,48264,31947,23417,53003,34059,29548
201606,39129,41913,35814,36878,42556,36307,64891,35338,38471,40843,38182,41405,28707,54777,60642,36399,48136,32005,23129,53359,33702,29390
201607,39179,41962,35866,36913,42518,36386,64872,35319,38264,40904,38261,41664,28790,54900,60584,36505,48118,31942,23211,53697,33784,29398
201608,39288,42149,35887,37156,42593,36636,64006,35506,38517,40908,38325,41856,28951,54960,59847,35803,48192,32065,23655,53589,34358,29317
201609,39112,41954,35740,36871,42274,36406,64354,35243,37857,40811,38241,41644,28979,54927,58839,36417,48178,32188,23475,53615,34221,29200
201610,39342,42186,35968,37146,42547,36728,64178,35226,37911,41007,38576,41758,29409,55128,58178,36361,48328,32380,23668,54015,34596,29339
201611,39438,42304,36038,37124,42684,36665,64065,35238,38138,41195,38797,41665,29575,55147,58673,37137,48468,32399,23673,54207,34520,29518
201612,39704,42540,36334,37327,42552,36850,64301,35223,38480,41505,38881,41964,29684,55475,61121,37359,48402,32454,23742,54322,34706,29455
201701,39661,42494,36296,37286,41913,36942,64756,35336,37604,41451,38981,42320,29478,55713,60535,37108,48497,32541,23119,53764,34727,29933
201702,39355,42098,36095,36935,42018,36641,64632,35299,36917,41182,38826,41908,29455,55736,59180,36518,48362,32571,22823,53267,34780,29785
201703,39766,42565,36435,37539,42872,37145,64062,35506,38218,41450,38979,42179,29785,55848,60141,36951,48350,32614,23719,53677,34684,29803
201704,39809,42507,36590,37422,42106,37083,64534,35308,37760,41612,39037,42166,29724,56253,61337,37823,48300,32630,23771,53700,35125,29965
201705,39870,42648,36561,37623,42154,37310,63349,35321,37896,41566,39150,42354,29822,56387,59540,38514,48531,32751,23637,53787,35159,30057
201706,39853,42694,36471,37604,42299,37214,64324,35368,38254,41552,39202,42234,29565,56585,59500,39254,48497,32719,23824,53706,34698,30002
201707,39860,42703,36477,37629,42530,37297,64270,35360,37951,41544,39274,42395,29462,56302,59465,38779,48604,32668,23998,53792,34763,30172
201708,40041,42943,36583,37892,42600,37550,64167,35268,38324,41660,39449,42505,29739,56307,59456,38439,48786,32827,24048,53592,35046,30318
201709,40094,42875,36787,37793,42610,37432,63961,35463,38330,41825,39612,42437,30039,56374,60420,38091,48843,32589,24196,53516,35167,30243
201710,40182,42955,36892,37809,42353,37497,63956,35468,38057,41968,39850,42612,30269,56388,59988,38589,48692,32678,24011,53773,35320,30504
201711,40201,43019,36858,37857,42327,37527,63821,35818,38203,41963,39896,42857,30205,56501,60020,38333,48749,32857,24179,53019,35520,30400
201712,40531,43227,37331,38058,42234,37717,64042,35951,38496,42387,40003,42753,30423,56536,63189,39071,48860,33056,24137,53679,35470,30744
201801,40749,43563,37405,38432,42729,38082,64350,35548,38987,42485,40007,43414,30695,56977,62443,40108,49148,33386,24455,53405,35579,31027
201802,40429,43080,37285,37756,42133,37592,64700,34908,37095,42432,40166,42843,30492,57130,62900,39091,49304,33114,23610,52790,35850,30697
201803,40753,43557,37413,38406,42624,38126,64245,35365,38552,42514,40338,43424,30718,57263,61342,40076,49330,33234,24319,53018,36276,30876
201804,40706,43435,37456,38247,42646,37991,64523,35107,38221,42552,40120,43502,30741,57275,62605,40354,49296,33030,24252,53329,36324,30861
201805,40875,43698,37512,38519,42475,38242,62873,35455,38719,42647,40327,43657,30941,57507,60961,40982,49476,33375,24540,53799,36393,31283
201806,40801,43542,37537,38405,42591,38147,64385,35466,38348,42601,40152,43497,30729,57589,61274,40569,49446,33383,24448,54341,36050,31340
201807,40923,43676,37645,38551,43302,38268,64259,35549,38683,42702,40264,43733,30596,57542,61302,40400,49509,33555,24659,54943,36072,31343
201808,41203,43891,38009,38670,43275,38344,65696,36064,38948,43098,40599,43927,30693,57723,63592,39709,49871,33699,25082,55303,36081,31237
201809,41124,43861,37879,38629,43240,38380,65642,35925,38430,42989,40785,43604,30551,57926,61357,40083,49830,33685,25162,55654,35866,31188
201810,41215,44069,37836,38806,43344,38452,65675,35955,39291,43015,40910,43685,30817,58005,60247,41007,50058,33646,24991,55452,36385,31089
201811,41225,44099,37826,38743,43420,38373,65627,35892,39340,43078,41042,43778,30915,58193,60084,40905,49985,33662,24837,55481,36382,31183
201812,41362,44175,38036,38815,43372,38479,65431,35858,39220,43260,41094,43930,30918,58363,61421,40179,50031,33890,24747,55828,36460,31497
201901,41523,44467,38128,39205,43603,38901,66361,35984,39406,43184,41228,44171,30940,58592,62624,40853,51696,34151,27312,51169,36345,31959
201902,41068,43855,37851,38606,43076,38508,65956,35500,37494,42833,41033,43785,31144,58567,61021,40124,51565,33897,26762,50277,35956,31557
201903,41482,44385,38132,39181,43578,38920,66024,35936,39128,43130,41192,44451,31380,58773,62387,40338,51886,34168,27344,49916,36432,31781
201904,41567,44443,38241,39160,43758,38948,64636,35892,38873,43289,41103,44417,31223,58750,65159,39822,51704,33906,27374,50288,36601,31686
201905,41709,44683,38266,39392,43548,39117,65449,36087,39432,43363,41368,44610,31236,58957,62797,41065,51946,34194,27604,50856,37357,31870
201906,41577,44415,38284,39111,43643,38916,65372,35946,38636,43337,41140,44486,31390,58839,63393,42027,51862,34071,27692,50955,36877,31759
201907,41770,44660,38414,39333,43851,39043,65300,36103,39481,43504,41512,44646,31499,58817,62934,42395,51888,34146,27815,51275,36982,31812
201908,41911,44697,38683,39294,43559,39064,65365,36070,39066,43765,41529,44672,31526,59268,66064,41623,51797,33947,27823,51257,37295,32092
201909,41691,44575,38362,39197,43667,38988,64946,36028,38839,43457,41408,44732,31523,59216,62171,42088,51812,34008,27876,51488,36938,32062
201910,41891,44869,38454,39441,43912,39156,65040,36064,39585,43625,41766,44943,31735,59470,61448,42548,52194,34017,27965,51382,37606,31991
201911,41911,44828,38544,39368,43907,39091,64933,35849,39491,43707,41932,44886,31775,59697,61438,42579,52160,33825,27951,51676,37466,31984
201912,42287,45134,39001,39599,43583,39274,64270,35820,40081,44183,41955,44747,32015,59861,65638,43219,52496,34069,27963,51941,37552,32395
202001,42142,44956,38888,39562,43365,39402,65039,35953,38967,43960,41921,44754,31979,60204,63305,41080,52501,34211,27678,51903,37797,32587
202002,42105,44908,38860,39525,43520,39259,65216,35991,39565,43931,41804,44339,32043,60599,63457,41157,52576,34171,27501,51545,37302,32573
202003,42100,45008,38734,39691,43641,39385,65049,36171,40002,43815,41425,44326,31547,60784,63784,42621,52731,34030,27912,50948,37302,32199
202004,41925,44879,38493,39583,43573,39334,64724,36172,39543,43597,41113,43988,31044,60909,63419,42699,52658,33957,27651,50659,37157,31842
202005,41991,44907,38602,39615,43172,39377,64650,36393,39466,43687,41274,43794,31585,61032,62726,42612,52660,33995,27775,50752,37661,32229
202006,42120,44965,38814,39645,43517,39355,65048,36356,39784,43877,41326,43874,31819,60932,63755,43195,52786,34072,27748,51264,37661,32311
202007,42267,45100,38970,39740,43608,39391,64697,36402,40242,44052,41653,44146,31864,60911,64073,43225,52792,34115,27877,51558,37504,32394
202008,42403,45169,39188,39789,43532,39510,65197,36353,39844,44242,41907,44435,32210,61198,64359,42329,52961,34094,27968,51727,37770,32193
202009,42512,45251,39333,39948,43115,39609,65060,36456,40393,44314,41754,44397,31937,61399,65390,42302,53030,34330,28330,51788,37704,32466
202010,42531,45377,39237,40031,43584,39724,65081,36244,40330,44286,41961,44439,32001,61453,63580,43204,53122,34322,28177,51701,37988,32792
202011,42532,45386,39230,40086,43476,39740,64829,36379,40631,44249,42137,44431,32141,61325,62478,42651,53161,34346,28234,51633,38210,32903
202012,42735,45581,39445,40255,43454,39882,64851,36454,40993,44476,42159,44501,32179,61397,64184,43524,53389,34596,28382,51673,38696,32903
202101,42968,45821,39676,40627,43838,40338,65373,36334,40898,44611,42298,44737,32267,61698,64526,43435,53684,34564,28411,51858,38643,33089
202102,42675,45449,39482,40230,43547,40045,65451,36168,39825,44392,42149,44529,32545,62224,63539,42058,53448,34420,27960,51388,38429,32805
202103,43065,46044,39637,40869,43828,40510,65478,36450,41600,44607,42403,44942,32981,62078,63921,42521,53747,34063,28406,51385,39110,33167
202104,43040,45994,39648,40767,43149,40496,65522,36238,40984,44635,42333,45026,32541,62470,63931,43564,53987,34154,28288,51875,38750,32905
202105,42689,45692,39232,40737,43264,40584,64002,36261,40280,44071,41661,45051,30834,62727,63899,42522,53851,34294,27624,50922,34062,31177
202106,42456,45421,39025,40802,43089,40616,64738,36225,40505,43648,40642,44557,29082,62814,65541,42063,53823,34602,26938,49823,31686,30159
202107,42744,45693,39330,40942,43428,40756,64140,36190,40724,44042,41304,44700,30167,62367,66049,42314,53621,34671,27176,50263,32327,30393
202108,43044,45941,39710,41042,42736,40858,64267,36338,40809,44476,41522,44953,31893,62284,67549,43140,53744,33915,28135,50838,34679,31549
202109,43204,46147,39832,41013,42811,40852,64162,36179,40657,44762,42074,45328,32454,62335,65913,43203,53480,33887,28750,52338,35826,32353
202110,43411,46395,40004,41143,43085,41020,64135,36186,40586,45013,42383,45544,33136,62393,65359,43484,53785,33913,28717,52890,37938,33743
202111,43470,46469,40046,41184,43474,41035,64134,36374,40772,45080,42482,45720,33229,62560,65358,43287,53792,34120,28753,52798,37643,33960
202112,43760,46658,40452,41417,43638,41275,63600,36329,41032,45405,42380,45677,33160,62763,68594,43795,54009,34233,28927,53289,37813,34112
202201,44196,47141,40833,41983,43617,41935,65029,36650,40987,45748,42872,46333,33377,63184,68232,43336,54690,34854,28817,53491,38026,34894
202202,43766,46588,40552,41345,43265,41395,64801,36327,39698,45463,42614,45996,33608,63872,66604,43003,54733,34496,28564,52790,38397,34516
202203,44186,47174,40787,42002,43802,41936,64860,36613,41150,45718,43003,46527,33487,63819,66069,44039,54798,34873,29179,53286,38964,34864
202204,44164,47165,40760,42036,43649,42047,64954,36451,40742,45661,42820,46395,33321,64297,66433,44213,55033,34506,29423,53131,38351,34616
202205,44032,47119,40521,42061,43907,42009,64171,36822,41139,45424,42492,46813,32683,64326,65772,43837,54837,34694,29376,52901,36951,33981
202206,44129,47226,40597,42087,44230,42013,63974,36791,41324,45579,42879,46737,32912,64396,64682,43868,55149,34882,29316,52871,37589,34772
202207,44194,47256,40689,42166,45771,41998,65372,37207,41836,45633,43023,46774,33504,64241,64667,43904,55115,34817,29282,52901,37006,34540
202208,44249,47319,40730,42297,45665,42145,65368,37337,41884,45632,43236,46768,33416,64517,64290,42927,55178,34689,29437,52721,37543,34310
202209,44171,47167,40742,42179,45446,42051,65240,37234,41624,45578,43147,46580,33069,64562,64619,41649,55116,34549,29634,53131,37744,34182
202210,44312,47344,40841,42249,45415,42125,65502,37099,41678,45766,43528,46722,33208,64763,64016,41783,55247,34715,29669,53466,37725,34569
202211,44433,47386,41054,42380,45546,42206,65227,37008,42143,45879,43638,47032,33057,64975,64055,41884,55461,34750,29805,53773,37943,34685
202212,44690,47577,41388,42598,45679,42412,65905,37199,42416,46159,43700,47405,33047,65139,65814,42196,55511,35191,29998,54156,37718,34561
202301,45101,47941,41854,43022,45724,43000,66281,37595,41859,46557,44012,47616,34072,65680,65658,42693,56292,35506,29933,54510,38177,35523
202302,44787,47699,41457,42707,45343,42576,66270,37437,42180,46246,43842,47400,33554,65870,64440,42703,55933,35450,29884,53949,37991,35255
202303,45161,48141,41759,43133,45464,42995,66215,37804,42681,46583,44139,47947,33727,65956,65338,42617,56125,35777,30215,54251,38513,35641
202304,45073,48049,41669,42979,45020,42881,66405,37634,42272,46535,44039,47795,33656,65799,65806,43174,56059,35574,29887,54368,38497,35541
202305,45199,48200,41753,43122,45325,43013,65972,37850,42462,46647,44288,48071,33744,65843,65297,43422,56041,35705,30105,54473,38633,35799
202306,45130,48089,41726,43001,45385,42895,65849,37760,42329,46612,44059,47964,33512,65753,66479,43837,55685,35741,29805,54675,38342,35693
202307,45224,48304,41685,43103,45680,42971,65581,38052,42626,46693,44374,48136,34052,65738,66301,43787,55625,35805,29779,54181,38046,35319
202308,45355,48491,41752,43282,45285,43150,65749,38039,42822,46788,44529,48158,34276,65832,66679,43254,55563,35876,30151,53973,37846,35322
202309,45188,48361,41547,43062,45193,42949,65521,37909,42463,46658,44404,48016,34260,65491,66160,43348,55524,35778,30005,54038,37514,35154
202310,45263,48456,41607,43174,45430,43087,65700,37947,42426,46705,44530,48087,34446,65761,66014,44059,55802,35782,30079,53303,37922,35421
202311,45289,48507,41601,43235,45594,43138,65558,38146,42553,46701,44591,48279,34225,65765,65960,44087,55863,35887,30173,53090,38088,35572
202312,45582,48708,42003,43375,45514,43285,65697,38241,42656,47102,44928,48371,34220,65944,68070,44924,55891,36013,30237,53639,38265,35547
202401,46118,49198,42591,43933,46382,43885,66716,38524,42967,47617,45614,49117,34298,66372,69165,44445,56539,36562,30467,54014,38023,35883
202402,45910,48949,42432,43598,45901,43584,66756,38494,42374,47500,45304,48780,34450,66888,69734,44000,56354,36509,30126,53588,37976,35562
202403,46073,49197,42493,43937,46342,43912,66222,38632,42860,47542,45446,49569,34380,67044,68500,44048,56523,36551,30468,53573,38953,35675
202404,46314,49428,42748,44120,45880,44133,66976,38585,42807,47820,45375,49774,34626,67289,70800,44907,56623,36571,30592,53966,38867,35774
202405,46460,49693,42752,44335,46247,44339,65484,39047,43162,47917,45734,50123,34709,67316,68910,45373,56855,36899,30551,54300,39592,35904
202406,46477,49654,42831,44290,46554,44266,66909,38925,43150,47976,45685,49857,34539,67660,70740,45242,56902,36687,30314,54238,39221,35787
202407,46546,49765,42850,44350,46677,44342,65959,39439,43163,48046,46029,49943,34405,67584,70326,45394,56816,36792,30467,54270,39112,35707
202408,46732,49942,43052,44598,46970,44598,65435,39578,43432,48189,46148,49979,34422,67809,70488,44886,57060,36785,30950,54704,39440,35798
202409,46624,49834,42950,44635,48108,44613,65467,39482,43607,47979,45845,49728,33949,67991,70132,44495,57043,36622,31064,54627,39364,35750
202410,46484,49657,42855,44450,47951,44411,65129,39475,43502,47869,45884,49473,34139,68161,68835,44808,57052,36557,30830,54396,39117,35730
202411,46701,49936,43007,44736,47893,44683,65454,39737,43878,48037,46400,49871,33926,68079,68506,44764,57050,36609,30990,54527,39263,36003
202412,46963,50199,43266,44987,48329,44909,65786,40026,44277,48308,46583,50133,34175,68284,69149,44004,57297,36779,31043,55277,39530,36179
202501,47445,50642,43795,45395,48651,45389,66424,40381,44252,48837,47152,50399,34704,68845,71616,43644,57670,36951,31116,55292,39592,36554
202502,47306,50473,43689,45298,48168,45267,66352,40482,44285,48674,46932,50214,34759,69021,70889,43892,57724,37081,31142,54510,39802,36486
202503,47533,50768,43836,45549,48327,45532,66336,40658,44489,48884,47165,50707,34849,69380,70431,44197,58001,37295,31340,54778,40816,36558
202504,47760,50978,44084,45688,48121,45736,65227,40659,44341,49173,47308,50995,35131,69613,71327,44584,58225,37346,31436,55444,40847,36575
202505,47796,51054,44074,45773,48458,45825,65065,40941,44382,49173,47329,51230,35378,69727,69753,44345,58334,37580,31451,56088,40608,36697
