﻿職業類別,產業,1年以下,1~3年,3~5年,5~7年,7年以上
工商登記服務類人員,電子科技╱資訊╱軟體╱半導體,40000,44000,48000,52000,56000
工商登記服務類人員,一般傳統製造,48800,53700,58500,63400,68300
工商登記服務類人員,政治╱宗教╱社福,30200,33200,36200,39300,42300
工商登記服務類人員,法律╱會計╱顧問╱研發╱設計,33000,36300,39600,42900,46200
工商登記服務類人員,運輸物流╱倉儲╱貿易,33000,36300,39600,42900,46200
工商登記服務類人員,建築營造╱不動產相關,30000,33000,36000,39000,42000
工商登記服務類人員,農林漁牧╱水電資源,33000,36300,39600,42900,46200
工商登記服務類人員,一般服務業,37500,41300,45000,48800,52500
工商登記服務類人員,批發╱零售,37500,41300,45000,48800,52500
