﻿職業類別,產業,1年以下,1~3年,3~5年,5~7年,7年以上
特用化學工程師,電子科技╱資訊╱軟體╱半導體,65000,71500,78000,84500,91000
特用化學工程師,一般傳統製造,42000,46200,50400,54600,58800
特用化學工程師,法律╱會計╱顧問╱研發╱設計,65000,71500,78000,84500,91000
特用化學工程師,運輸物流╱倉儲╱貿易,27000,29700,32400,35100,37800
特用化學工程師,醫療照護╱環境衛生,30000,33000,36000,39000,42000
特用化學工程師,旅遊╱休閒╱運動,45000,49500,54000,58500,63000
特用化學工程師,批發╱零售,43000,47300,51600,55900,60200
