﻿職業類別,產業,1年以下,1~3年,3~5年,5~7年,7年以上
生物科技研發人員,電子科技╱資訊╱軟體╱半導體,49000,53900,58800,63700,68600
生物科技研發人員,一般傳統製造,35300,38900,42400,45900,49500
生物科技研發人員,政治╱宗教╱社福,50000,55000,60000,65000,70000
生物科技研發人員,法律╱會計╱顧問╱研發╱設計,40000,44000,48000,52000,56000
生物科技研發人員,運輸物流╱倉儲╱貿易,54000,59400,64800,70200,75600
生物科技研發人員,醫療照護╱環境衛生,40000,44000,48000,52000,56000
生物科技研發人員,農林漁牧╱水電資源,38500,42400,46200,50100,53900
生物科技研發人員,一般服務業,30000,33000,36000,39000,42000
生物科技研發人員,教育╱出版╱藝文相關,41000,45100,49200,53300,57400
生物科技研發人員,批發╱零售,37000,40700,44400,48100,51800
