﻿職業類別,產業,1年以下,1~3年,3~5年,5~7年,7年以上
病理藥理研究人員,電子科技╱資訊╱軟體╱半導體,42000,46200,50400,54600,58800
病理藥理研究人員,政治╱宗教╱社福,65000,71500,78000,84500,91000
病理藥理研究人員,法律╱會計╱顧問╱研發╱設計,38000,41800,45600,49400,53200
病理藥理研究人員,醫療照護╱環境衛生,38100,41900,45700,49500,53300
病理藥理研究人員,農林漁牧╱水電資源,30000,33000,36000,39000,42000
病理藥理研究人員,教育╱出版╱藝文相關,319000,350900,382800,414700,446600
