﻿職業類別,產業,1年以下,1~3年,3~5年,5~7年,7年以上
醫療器材研發工程師,電子科技╱資訊╱軟體╱半導體,35000,38500,42000,45500,49000
醫療器材研發工程師,一般傳統製造,45000,49500,54000,58500,63000
醫療器材研發工程師,政治╱宗教╱社福,42500,46800,51000,55300,59500
醫療器材研發工程師,法律╱會計╱顧問╱研發╱設計,42000,46200,50400,54600,58800
醫療器材研發工程師,建築營造╱不動產相關,40000,44000,48000,52000,56000
醫療器材研發工程師,醫療照護╱環境衛生,38000,41800,45600,49400,53200
醫療器材研發工程師,批發╱零售,35000,38500,42000,45500,49000
