﻿職業類別,產業,1年以下,1~3年,3~5年,5~7年,7年以上
動物飼育專業人員,一般傳統製造,28500,31400,34200,37100,39900
動物飼育專業人員,政治╱宗教╱社福,32000,35200,38400,41600,44800
動物飼育專業人員,金融投顧╱保險相關,45000,49500,54000,58500,63000
動物飼育專業人員,法律╱會計╱顧問╱研發╱設計,31500,34700,37800,41000,44100
動物飼育專業人員,運輸物流╱倉儲╱貿易,37000,40700,44400,48100,51800
動物飼育專業人員,建築營造╱不動產相關,40000,44000,48000,52000,56000
動物飼育專業人員,醫療照護╱環境衛生,31000,34100,37200,40300,43400
動物飼育專業人員,農林漁牧╱水電資源,32000,35200,38400,41600,44800
動物飼育專業人員,一般服務業,30000,33000,36000,39000,42000
動物飼育專業人員,旅遊╱休閒╱運動,30000,33000,36000,39000,42000
動物飼育專業人員,餐飲╱住宿服務,30000,33000,36000,39000,42000
動物飼育專業人員,教育╱出版╱藝文相關,31000,34100,37200,40300,43400
動物飼育專業人員,批發╱零售,31000,34100,37200,40300,43400
