﻿職業類別,產業,1年以下,1~3年,3~5年,5~7年,7年以上
清潔／資源回收人員,電子科技╱資訊╱軟體╱半導體,27500,30300,33000,35800,38500
清潔／資源回收人員,一般傳統製造,27000,29700,32400,35100,37800
清潔／資源回收人員,礦業╱土石能源採取,36000,39600,43200,46800,50400
清潔／資源回收人員,政治╱宗教╱社福,26400,29100,31700,34400,37000
清潔／資源回收人員,金融投顧╱保險相關,30000,33000,36000,39000,42000
清潔／資源回收人員,法律╱會計╱顧問╱研發╱設計,29000,31900,34800,37700,40600
清潔／資源回收人員,運輸物流╱倉儲╱貿易,29000,31900,34800,37700,40600
清潔／資源回收人員,建築營造╱不動產相關,28000,30800,33600,36400,39200
清潔／資源回收人員,醫療照護╱環境衛生,28000,30800,33600,36400,39200
清潔／資源回收人員,農林漁牧╱水電資源,29000,31900,34800,37700,40600
清潔／資源回收人員,一般服務業,27000,29700,32400,35100,37800
清潔／資源回收人員,旅遊╱休閒╱運動,28000,30800,33600,36400,39200
清潔／資源回收人員,餐飲╱住宿服務,28000,30800,33600,36400,39200
清潔／資源回收人員,大眾傳播相關,33000,36300,39600,42900,46200
清潔／資源回收人員,教育╱出版╱藝文相關,27000,29700,32400,35100,37800
清潔／資源回收人員,批發╱零售,28000,30800,33600,36400,39200
