﻿職業類別,產業,1年以下,1~3年,3~5年,5~7年,7年以上
社會工作人員／督導,電子科技╱資訊╱軟體╱半導體,44500,49000,53400,57900,62300
社會工作人員／督導,一般傳統製造,31500,34700,37800,41000,44100
社會工作人員／督導,礦業╱土石能源採取,35000,38500,42000,45500,49000
社會工作人員／督導,政治╱宗教╱社福,35000,38500,41900,45400,48900
社會工作人員／督導,法律╱會計╱顧問╱研發╱設計,35000,38500,42000,45500,49000
社會工作人員／督導,運輸物流╱倉儲╱貿易,39000,42900,46800,50700,54600
社會工作人員／督導,建築營造╱不動產相關,35000,38500,42000,45500,49000
社會工作人員／督導,醫療照護╱環境衛生,35000,38500,41900,45400,48900
社會工作人員／督導,農林漁牧╱水電資源,31000,34100,37200,40300,43400
社會工作人員／督導,一般服務業,34000,37400,40800,44200,47600
社會工作人員／督導,旅遊╱休閒╱運動,38000,41800,45600,49400,53200
社會工作人員／督導,餐飲╱住宿服務,30000,33000,36000,39000,42000
社會工作人員／督導,大眾傳播相關,49000,53900,58800,63700,68600
社會工作人員／督導,教育╱出版╱藝文相關,35000,38500,41900,45400,48900
社會工作人員／督導,批發╱零售,30000,33000,36000,39000,42000
