﻿職業類別,產業,1年以下,1~3年,3~5年,5~7年,7年以上
農藝栽培專業人員,電子科技╱資訊╱軟體╱半導體,25300,27800,30300,32900,35400
農藝栽培專業人員,一般傳統製造,30000,33000,36000,39000,42000
農藝栽培專業人員,政治╱宗教╱社福,35000,38500,41900,45400,48900
農藝栽培專業人員,金融投顧╱保險相關,38000,41800,45600,49400,53200
農藝栽培專業人員,法律╱會計╱顧問╱研發╱設計,30000,33000,36000,39000,42000
農藝栽培專業人員,運輸物流╱倉儲╱貿易,42500,46800,51000,55300,59500
農藝栽培專業人員,農林漁牧╱水電資源,30000,33000,36000,39000,42000
農藝栽培專業人員,一般服務業,30000,33000,36000,39000,42000
農藝栽培專業人員,旅遊╱休閒╱運動,30000,33000,36000,39000,42000
農藝栽培專業人員,餐飲╱住宿服務,30000,33000,36000,39000,42000
農藝栽培專業人員,教育╱出版╱藝文相關,35000,38500,42000,45500,49000
農藝栽培專業人員,批發╱零售,30000,33000,36000,39000,42000
