﻿職業類別,產業,1年以下,1~3年,3~5年,5~7年,7年以上
農藝／畜產研究人員,一般傳統製造,32000,35200,38400,41600,44800
農藝／畜產研究人員,礦業╱土石能源採取,47000,51700,56400,61100,65800
農藝／畜產研究人員,政治╱宗教╱社福,35000,38500,42000,45500,49000
農藝／畜產研究人員,法律╱會計╱顧問╱研發╱設計,33000,36300,39600,42900,46200
農藝／畜產研究人員,醫療照護╱環境衛生,36000,39600,43200,46800,50400
農藝／畜產研究人員,農林漁牧╱水電資源,33000,36300,39600,42900,46200
農藝／畜產研究人員,一般服務業,45000,49500,54000,58500,63000
農藝／畜產研究人員,旅遊╱休閒╱運動,35000,38500,42000,45500,49000
農藝／畜產研究人員,餐飲╱住宿服務,34500,38000,41400,44900,48300
農藝／畜產研究人員,教育╱出版╱藝文相關,35000,38500,41900,45400,48900
農藝／畜產研究人員,批發╱零售,36800,40500,44100,47800,51500
