﻿職業類別,產業,1年以下,1~3年,3~5年,5~7年,7年以上
養殖／畜牧專業人員,電子科技╱資訊╱軟體╱半導體,42000,46200,50400,54600,58800
養殖／畜牧專業人員,一般傳統製造,35000,38500,42000,45500,49000
養殖／畜牧專業人員,法律╱會計╱顧問╱研發╱設計,31000,34100,37200,40300,43400
養殖／畜牧專業人員,運輸物流╱倉儲╱貿易,37000,40700,44400,48100,51800
養殖／畜牧專業人員,醫療照護╱環境衛生,32000,35200,38400,41600,44800
養殖／畜牧專業人員,農林漁牧╱水電資源,35000,38500,42000,45500,49000
養殖／畜牧專業人員,一般服務業,30000,33000,36000,39000,42000
養殖／畜牧專業人員,旅遊╱休閒╱運動,30000,33000,36000,39000,42000
養殖／畜牧專業人員,餐飲╱住宿服務,42000,46200,50400,54600,58800
養殖／畜牧專業人員,教育╱出版╱藝文相關,42000,46200,50400,54600,58800
養殖／畜牧專業人員,批發╱零售,32000,35200,38400,41600,44800
