﻿職業類別,產業,1年以下,1~3年,3~5年,5~7年,7年以上
其他醫療從業人員,電子科技╱資訊╱軟體╱半導體,36300,39900,43500,47200,50800
其他醫療從業人員,一般傳統製造,30000,33000,36000,39000,42000
其他醫療從業人員,政治╱宗教╱社福,36000,39600,43200,46800,50400
其他醫療從業人員,法律╱會計╱顧問╱研發╱設計,45000,49500,54000,58500,63000
其他醫療從業人員,運輸物流╱倉儲╱貿易,40000,44000,48000,52000,56000
其他醫療從業人員,醫療照護╱環境衛生,32000,35200,38400,41600,44800
其他醫療從業人員,農林漁牧╱水電資源,30000,33000,36000,39000,42000
其他醫療從業人員,一般服務業,28000,30800,33600,36400,39200
其他醫療從業人員,旅遊╱休閒╱運動,40000,44000,48000,52000,56000
其他醫療從業人員,餐飲╱住宿服務,35500,39100,42600,46200,49700
其他醫療從業人員,教育╱出版╱藝文相關,36300,39900,43500,47100,50800
其他醫療從業人員,批發╱零售,36000,39600,43200,46800,50400
