﻿職業類別,產業,1年以下,1~3年,3~5年,5~7年,7年以上
勞工健康服務護理人員／廠護,電子科技╱資訊╱軟體╱半導體,38000,41800,45600,49400,53200
勞工健康服務護理人員／廠護,一般傳統製造,35000,38500,42000,45500,49000
勞工健康服務護理人員／廠護,政治╱宗教╱社福,38000,41800,45600,49400,53200
勞工健康服務護理人員／廠護,金融投顧╱保險相關,41000,45100,49200,53300,57400
勞工健康服務護理人員／廠護,法律╱會計╱顧問╱研發╱設計,40400,44500,48500,52600,56600
勞工健康服務護理人員／廠護,運輸物流╱倉儲╱貿易,38000,41800,45600,49400,53200
勞工健康服務護理人員／廠護,建築營造╱不動產相關,40000,44000,48000,52000,56000
勞工健康服務護理人員／廠護,醫療照護╱環境衛生,35000,38500,42000,45500,49000
勞工健康服務護理人員／廠護,一般服務業,30300,33400,36400,39400,42500
勞工健康服務護理人員／廠護,旅遊╱休閒╱運動,38000,41800,45600,49400,53200
勞工健康服務護理人員／廠護,餐飲╱住宿服務,37000,40700,44400,48100,51800
勞工健康服務護理人員／廠護,大眾傳播相關,46000,50600,55200,59800,64400
勞工健康服務護理人員／廠護,教育╱出版╱藝文相關,35000,38500,42000,45500,49000
勞工健康服務護理人員／廠護,批發╱零售,35000,38500,42000,45500,49000
