﻿職業類別,產業,1年以下,1~3年,3~5年,5~7年,7年以上
放射性設備使用技術員,電子科技╱資訊╱軟體╱半導體,29500,32500,35400,38400,41300
放射性設備使用技術員,一般傳統製造,40000,44000,48000,52000,56000
放射性設備使用技術員,法律╱會計╱顧問╱研發╱設計,27000,29700,32400,35100,37800
放射性設備使用技術員,醫療照護╱環境衛生,35500,39100,42600,46200,49700
放射性設備使用技術員,農林漁牧╱水電資源,34800,38300,41700,45200,48700
