﻿職業類別,產業,1年以下,1~3年,3~5年,5~7年,7年以上
醫院行政管理人員,電子科技╱資訊╱軟體╱半導體,52000,57200,62400,67600,72800
醫院行政管理人員,政治╱宗教╱社福,35000,38500,41900,45400,48900
醫院行政管理人員,法律╱會計╱顧問╱研發╱設計,39500,43500,47400,51400,55300
醫院行政管理人員,運輸物流╱倉儲╱貿易,32000,35200,38400,41600,44800
醫院行政管理人員,醫療照護╱環境衛生,30000,33000,36000,39000,42000
醫院行政管理人員,一般服務業,27000,29700,32400,35100,37800
醫院行政管理人員,旅遊╱休閒╱運動,24000,26400,28800,31200,33600
醫院行政管理人員,教育╱出版╱藝文相關,28000,30800,33600,36400,39200
醫院行政管理人員,批發╱零售,26400,29100,31700,34400,37000
