﻿職業類別,產業,1年以下,1~3年,3~5年,5~7年,7年以上
CAD／CAM工程師,電子科技╱資訊╱軟體╱半導體,40000,44000,48000,52000,56000
CAD／CAM工程師,一般傳統製造,39000,42900,46800,50700,54600
CAD／CAM工程師,法律╱會計╱顧問╱研發╱設計,32500,35800,39000,42300,45500
CAD／CAM工程師,運輸物流╱倉儲╱貿易,55000,60500,66000,71500,77000
CAD／CAM工程師,建築營造╱不動產相關,37500,41300,45000,48800,52500
CAD／CAM工程師,醫療照護╱環境衛生,26000,28600,31200,33800,36400
CAD／CAM工程師,農林漁牧╱水電資源,28000,30800,33600,36400,39200
CAD／CAM工程師,一般服務業,28000,30800,33600,36400,39200
CAD／CAM工程師,旅遊╱休閒╱運動,36000,39600,43200,46800,50400
CAD／CAM工程師,餐飲╱住宿服務,32500,35800,39000,42300,45500
CAD／CAM工程師,大眾傳播相關,31300,34500,37600,40700,43900
CAD／CAM工程師,批發╱零售,30000,33000,36000,39000,42000
