﻿職業類別,產業,1年以下,1~3年,3~5年,5~7年,7年以上
PLC／自動控制工程師,電子科技╱資訊╱軟體╱半導體,45000,49500,54000,58500,63000
PLC／自動控制工程師,一般傳統製造,40000,44000,48000,52000,56000
PLC／自動控制工程師,法律╱會計╱顧問╱研發╱設計,47000,51700,56400,61100,65800
PLC／自動控制工程師,運輸物流╱倉儲╱貿易,39000,42900,46800,50700,54600
PLC／自動控制工程師,建築營造╱不動產相關,44000,48400,52800,57200,61600
PLC／自動控制工程師,醫療照護╱環境衛生,47000,51700,56400,61100,65800
PLC／自動控制工程師,旅遊╱休閒╱運動,42000,46200,50400,54600,58800
PLC／自動控制工程師,教育╱出版╱藝文相關,39000,42900,46800,50700,54600
PLC／自動控制工程師,批發╱零售,39000,42900,46800,50700,54600
