﻿職業類別,產業,1年以下,1~3年,3~5年,5~7年,7年以上
其他特殊工程人員,電子科技╱資訊╱軟體╱半導體,38000,41800,45600,49400,53200
其他特殊工程人員,一般傳統製造,35000,38500,42000,45500,49000
其他特殊工程人員,礦業╱土石能源採取,35000,38500,42000,45500,49000
其他特殊工程人員,政治╱宗教╱社福,36000,39600,43200,46800,50400
其他特殊工程人員,法律╱會計╱顧問╱研發╱設計,30000,33000,36000,39000,42000
其他特殊工程人員,運輸物流╱倉儲╱貿易,39900,43900,47900,51900,55900
其他特殊工程人員,建築營造╱不動產相關,37000,40700,44400,48100,51800
其他特殊工程人員,醫療照護╱環境衛生,32000,35200,38400,41600,44800
其他特殊工程人員,農林漁牧╱水電資源,32000,35200,38400,41600,44800
其他特殊工程人員,一般服務業,38000,41800,45600,49400,53200
其他特殊工程人員,批發╱零售,34500,38000,41400,44900,48300
