﻿職業類別,產業,1年以下,1~3年,3~5年,5~7年,7年以上
塑膠模具技術人員,電子科技╱資訊╱軟體╱半導體,40500,44600,48600,52700,56700
塑膠模具技術人員,一般傳統製造,37000,40700,44400,48100,51800
塑膠模具技術人員,法律╱會計╱顧問╱研發╱設計,28000,30800,33600,36400,39200
塑膠模具技術人員,運輸物流╱倉儲╱貿易,40000,44000,48000,52000,56000
塑膠模具技術人員,農林漁牧╱水電資源,30000,33000,36000,39000,42000
