﻿職業類別,產業,1年以下,1~3年,3~5年,5~7年,7年以上
塑膠射出技術人員,電子科技╱資訊╱軟體╱半導體,36000,39600,43200,46800,50400
塑膠射出技術人員,一般傳統製造,33000,36300,39600,42900,46200
塑膠射出技術人員,法律╱會計╱顧問╱研發╱設計,34000,37400,40800,44200,47600
塑膠射出技術人員,運輸物流╱倉儲╱貿易,38000,41800,45600,49400,53200
塑膠射出技術人員,一般服務業,30000,33000,36000,39000,42000
塑膠射出技術人員,旅遊╱休閒╱運動,29100,32100,35000,37900,40800
塑膠射出技術人員,餐飲╱住宿服務,40300,44400,48400,52400,56500
塑膠射出技術人員,批發╱零售,29000,31900,34800,37700,40600
