﻿職業類別,產業,1年以下,1~3年,3~5年,5~7年,7年以上
機械設計／繪圖人員,電子科技╱資訊╱軟體╱半導體,38000,41800,45600,49400,53200
機械設計／繪圖人員,一般傳統製造,34000,37400,40800,44200,47600
機械設計／繪圖人員,礦業╱土石能源採取,42000,46200,50400,54600,58800
機械設計／繪圖人員,政治╱宗教╱社福,28900,31800,34700,37600,40500
機械設計／繪圖人員,法律╱會計╱顧問╱研發╱設計,31900,35100,38300,41500,44700
機械設計／繪圖人員,運輸物流╱倉儲╱貿易,33000,36300,39600,42900,46200
機械設計／繪圖人員,建築營造╱不動產相關,34000,37400,40800,44200,47600
機械設計／繪圖人員,醫療照護╱環境衛生,35000,38500,42000,45500,49000
機械設計／繪圖人員,農林漁牧╱水電資源,30000,33000,36000,39000,42000
機械設計／繪圖人員,一般服務業,30000,33000,36000,39000,42000
機械設計／繪圖人員,旅遊╱休閒╱運動,32000,35200,38400,41600,44800
機械設計／繪圖人員,大眾傳播相關,34000,37400,40800,44200,47600
機械設計／繪圖人員,教育╱出版╱藝文相關,40500,44600,48600,52700,56700
機械設計／繪圖人員,批發╱零售,34000,37400,40800,44200,47600
