﻿職業類別,產業,1年以下,1~3年,3~5年,5~7年,7年以上
生產技術／製程工程師,電子科技╱資訊╱軟體╱半導體,42000,46200,50400,54600,58800
生產技術／製程工程師,一般傳統製造,37000,40700,44400,48100,51800
生產技術／製程工程師,礦業╱土石能源採取,37000,40700,44400,48100,51800
生產技術／製程工程師,政治╱宗教╱社福,35500,39100,42600,46100,49700
生產技術／製程工程師,法律╱會計╱顧問╱研發╱設計,40000,44000,48000,52000,56000
生產技術／製程工程師,運輸物流╱倉儲╱貿易,32000,35200,38400,41600,44800
生產技術／製程工程師,建築營造╱不動產相關,36100,39700,43300,46900,50600
生產技術／製程工程師,醫療照護╱環境衛生,37000,40700,44400,48100,51800
生產技術／製程工程師,農林漁牧╱水電資源,40000,44000,48000,52000,56000
生產技術／製程工程師,一般服務業,41000,45100,49200,53300,57400
生產技術／製程工程師,旅遊╱休閒╱運動,31500,34700,37800,41000,44100
生產技術／製程工程師,餐飲╱住宿服務,35000,38500,42000,45500,49000
生產技術／製程工程師,教育╱出版╱藝文相關,34800,38300,41700,45200,48700
生產技術／製程工程師,批發╱零售,35000,38500,42000,45500,49000
