﻿職業類別,產業,1年以下,1~3年,3~5年,5~7年,7年以上
生產設備工程師,電子科技╱資訊╱軟體╱半導體,42000,46200,50400,54600,58800
生產設備工程師,一般傳統製造,39000,42900,46800,50700,54600
生產設備工程師,礦業╱土石能源採取,35000,38500,42000,45500,49000
生產設備工程師,法律╱會計╱顧問╱研發╱設計,48000,52800,57600,62400,67200
生產設備工程師,運輸物流╱倉儲╱貿易,35000,38500,42000,45500,49000
生產設備工程師,建築營造╱不動產相關,29000,31900,34800,37700,40600
生產設備工程師,醫療照護╱環境衛生,42000,46200,50400,54600,58800
生產設備工程師,農林漁牧╱水電資源,39000,42900,46800,50700,54600
生產設備工程師,一般服務業,316000,347600,379200,410800,442400
生產設備工程師,批發╱零售,45000,49500,54000,58500,63000
