﻿職業類別,產業,1年以下,1~3年,3~5年,5~7年,7年以上
聲學／噪音工程師,電子科技╱資訊╱軟體╱半導體,55500,61100,66600,72200,77700
聲學／噪音工程師,一般傳統製造,33500,36900,40200,43600,46900
聲學／噪音工程師,法律╱會計╱顧問╱研發╱設計,27000,29700,32400,35100,37800
聲學／噪音工程師,建築營造╱不動產相關,33500,36900,40200,43600,46900
聲學／噪音工程師,醫療照護╱環境衛生,34000,37400,40800,44200,47600
聲學／噪音工程師,一般服務業,45000,49500,54000,58500,63000
聲學／噪音工程師,教育╱出版╱藝文相關,30000,33000,36000,39000,42000
