﻿職業類別,產業,1年以下,1~3年,3~5年,5~7年,7年以上
金屬模具技術人員,電子科技╱資訊╱軟體╱半導體,35500,39100,42600,46200,49700
金屬模具技術人員,一般傳統製造,33000,36300,39600,42900,46200
金屬模具技術人員,礦業╱土石能源採取,35000,38500,42000,45500,49000
金屬模具技術人員,運輸物流╱倉儲╱貿易,38000,41800,45600,49400,53200
金屬模具技術人員,建築營造╱不動產相關,32000,35200,38400,41600,44800
金屬模具技術人員,一般服務業,30000,33000,36000,39000,42000
