﻿職業類別,產業,1年以下,1~3年,3~5年,5~7年,7年以上
鑄造／鍛造模具技術人員,電子科技╱資訊╱軟體╱半導體,29600,32600,35600,38500,41500
鑄造／鍛造模具技術人員,一般傳統製造,36000,39600,43200,46800,50400
鑄造／鍛造模具技術人員,法律╱會計╱顧問╱研發╱設計,30000,33000,36000,39000,42000
鑄造／鍛造模具技術人員,建築營造╱不動產相關,30000,33000,36000,39000,42000
鑄造／鍛造模具技術人員,醫療照護╱環境衛生,26500,29200,31800,34500,37100
鑄造／鍛造模具技術人員,批發╱零售,24000,26400,28800,31200,33600
