﻿職業類別,產業,1年以下,1~3年,3~5年,5~7年,7年以上
電機設備裝配員,電子科技╱資訊╱軟體╱半導體,34500,38000,41400,44900,48300
電機設備裝配員,一般傳統製造,32000,35200,38400,41600,44800
電機設備裝配員,礦業╱土石能源採取,40000,44000,48000,52000,56000
電機設備裝配員,建築營造╱不動產相關,39500,43500,47400,51400,55300
電機設備裝配員,醫療照護╱環境衛生,38000,41800,45600,49400,53200
電機設備裝配員,農林漁牧╱水電資源,33000,36300,39600,42900,46200
電機設備裝配員,一般服務業,28300,31100,33900,36800,39600
電機設備裝配員,批發╱零售,34700,38200,41700,45200,48600
