﻿職業類別,產業,1年以下,1~3年,3~5年,5~7年,7年以上
人事／人力資源專員,電子科技╱資訊╱軟體╱半導體,37000,40700,44400,48100,51800
人事／人力資源專員,一般傳統製造,34000,37400,40800,44200,47600
人事／人力資源專員,礦業╱土石能源採取,30300,33300,36300,39400,42400
人事／人力資源專員,政治╱宗教╱社福,35000,38500,42000,45500,49000
人事／人力資源專員,金融投顧╱保險相關,35000,38500,42000,45500,49000
人事／人力資源專員,法律╱會計╱顧問╱研發╱設計,35000,38500,42000,45500,49000
人事／人力資源專員,運輸物流╱倉儲╱貿易,33000,36300,39600,42900,46200
人事／人力資源專員,建築營造╱不動產相關,35000,38500,42000,45500,49000
人事／人力資源專員,醫療照護╱環境衛生,34000,37400,40800,44200,47600
人事／人力資源專員,農林漁牧╱水電資源,33500,36900,40200,43600,46900
人事／人力資源專員,一般服務業,30000,33000,36000,39000,42000
人事／人力資源專員,旅遊╱休閒╱運動,33000,36300,39600,42900,46200
人事／人力資源專員,餐飲╱住宿服務,32000,35200,38400,41600,44800
人事／人力資源專員,大眾傳播相關,33000,36300,39600,42900,46200
人事／人力資源專員,教育╱出版╱藝文相關,34000,37400,40800,44200,47600
人事／人力資源專員,批發╱零售,35000,38500,42000,45500,49000
