﻿職業類別,產業,1年以下,1~3年,3~5年,5~7年,7年以上
人事／人力資源主管,電子科技╱資訊╱軟體╱半導體,49700,54700,59700,64700,69600
人事／人力資源主管,一般傳統製造,43000,47300,51600,55900,60200
人事／人力資源主管,礦業╱土石能源採取,36500,40200,43800,47500,51100
人事／人力資源主管,政治╱宗教╱社福,50000,55000,60000,65000,70000
人事／人力資源主管,金融投顧╱保險相關,50000,55000,60000,65000,70000
人事／人力資源主管,法律╱會計╱顧問╱研發╱設計,60600,66600,72700,78800,84800
人事／人力資源主管,運輸物流╱倉儲╱貿易,41000,45100,49200,53300,57400
人事／人力資源主管,建築營造╱不動產相關,44500,49000,53400,57900,62300
人事／人力資源主管,醫療照護╱環境衛生,41100,45200,49300,53400,57500
人事／人力資源主管,農林漁牧╱水電資源,36000,39600,43200,46800,50400
人事／人力資源主管,一般服務業,38000,41800,45600,49400,53200
人事／人力資源主管,旅遊╱休閒╱運動,40000,44000,48000,52000,56000
人事／人力資源主管,餐飲╱住宿服務,40000,44000,48000,52000,56000
人事／人力資源主管,大眾傳播相關,48000,52800,57600,62400,67200
人事／人力資源主管,教育╱出版╱藝文相關,45000,49500,54000,58500,63000
人事／人力資源主管,批發╱零售,40000,44000,48000,52000,56000
