﻿職業類別,產業,1年以下,1~3年,3~5年,5~7年,7年以上
檔案資料管理人員,電子科技╱資訊╱軟體╱半導體,30000,33000,36000,39000,42000
檔案資料管理人員,一般傳統製造,28000,30800,33600,36400,39200
檔案資料管理人員,礦業╱土石能源採取,26700,29300,32000,34700,37300
檔案資料管理人員,政治╱宗教╱社福,28200,31000,33800,36600,39500
檔案資料管理人員,金融投顧╱保險相關,28000,30800,33600,36400,39200
檔案資料管理人員,法律╱會計╱顧問╱研發╱設計,28600,31500,34400,37200,40100
檔案資料管理人員,運輸物流╱倉儲╱貿易,31000,34100,37200,40300,43400
檔案資料管理人員,建築營造╱不動產相關,30000,33000,36000,39000,42000
檔案資料管理人員,醫療照護╱環境衛生,28000,30800,33600,36400,39200
檔案資料管理人員,農林漁牧╱水電資源,28000,30800,33600,36400,39200
檔案資料管理人員,一般服務業,28000,30800,33600,36400,39200
檔案資料管理人員,旅遊╱休閒╱運動,28000,30800,33600,36400,39200
檔案資料管理人員,餐飲╱住宿服務,35000,38500,42000,45500,49000
檔案資料管理人員,大眾傳播相關,32000,35200,38400,41600,44800
檔案資料管理人員,教育╱出版╱藝文相關,30000,33000,36000,39000,42000
檔案資料管理人員,批發╱零售,30000,33000,36000,39000,42000
