﻿職業類別,產業,1年以下,1~3年,3~5年,5~7年,7年以上
總機／接待／櫃檯人員,電子科技╱資訊╱軟體╱半導體,30000,33000,36000,39000,42000
總機／接待／櫃檯人員,一般傳統製造,28000,30800,33600,36400,39200
總機／接待／櫃檯人員,礦業╱土石能源採取,26500,29200,31800,34500,37100
總機／接待／櫃檯人員,政治╱宗教╱社福,28000,30800,33600,36400,39200
總機／接待／櫃檯人員,金融投顧╱保險相關,30000,33000,36000,39000,42000
總機／接待／櫃檯人員,法律╱會計╱顧問╱研發╱設計,29000,31900,34800,37700,40600
總機／接待／櫃檯人員,運輸物流╱倉儲╱貿易,29300,32200,35100,38100,41000
總機／接待／櫃檯人員,建築營造╱不動產相關,30000,33000,36000,39000,42000
總機／接待／櫃檯人員,醫療照護╱環境衛生,30000,33000,36000,39000,42000
總機／接待／櫃檯人員,農林漁牧╱水電資源,29000,31900,34800,37700,40600
總機／接待／櫃檯人員,一般服務業,30000,33000,36000,39000,42000
總機／接待／櫃檯人員,旅遊╱休閒╱運動,29000,31900,34800,37700,40600
總機／接待／櫃檯人員,餐飲╱住宿服務,30000,33000,36000,39000,42000
總機／接待／櫃檯人員,大眾傳播相關,28000,30800,33600,36400,39200
總機／接待／櫃檯人員,教育╱出版╱藝文相關,28000,30800,33600,36400,39200
總機／接待／櫃檯人員,批發╱零售,29000,31900,34800,37700,40600
