﻿職業類別,產業,1年以下,1~3年,3~5年,5~7年,7年以上
電腦操作／資料輸入,電子科技╱資訊╱軟體╱半導體,30000,33000,36000,39000,42000
電腦操作／資料輸入,一般傳統製造,28000,30800,33600,36400,39200
電腦操作／資料輸入,礦業╱土石能源採取,26000,28600,31200,33800,36400
電腦操作／資料輸入,政治╱宗教╱社福,28000,30800,33600,36400,39200
電腦操作／資料輸入,金融投顧╱保險相關,26500,29200,31800,34500,37100
電腦操作／資料輸入,法律╱會計╱顧問╱研發╱設計,28000,30800,33600,36400,39200
電腦操作／資料輸入,運輸物流╱倉儲╱貿易,30000,33000,36000,39000,42000
電腦操作／資料輸入,建築營造╱不動產相關,28000,30800,33600,36400,39200
電腦操作／資料輸入,醫療照護╱環境衛生,28000,30800,33600,36400,39200
電腦操作／資料輸入,農林漁牧╱水電資源,27400,30200,32900,35700,38400
電腦操作／資料輸入,一般服務業,28000,30800,33600,36400,39200
電腦操作／資料輸入,旅遊╱休閒╱運動,28000,30800,33600,36400,39200
電腦操作／資料輸入,餐飲╱住宿服務,28500,31400,34200,37100,39900
電腦操作／資料輸入,大眾傳播相關,30000,33000,36000,39000,42000
電腦操作／資料輸入,教育╱出版╱藝文相關,28000,30800,33600,36400,39200
電腦操作／資料輸入,批發╱零售,28000,30800,33600,36400,39200
