分類,職務名稱,月薪中位數 (萬元),職缺數
餐飲服務人員,外場服務人員,3.2,22808
餐飲服務人員,內場廚務人員,3.3,13055
餐飲服務人員,外送人員,3.4,2967
餐飲服務人員,洗碗清潔人員,3.2,1233
餐飲服務人員,飲料調製人員,3.3,7785
餐飲服務人員,廚師,4.2,7684
餐飲服務人員,中餐廚師,4.3,3627
餐飲服務人員,西餐廚師,4.2,1523
餐飲服務人員,日式料理廚師,4.1,1082
餐飲服務人員,西點烘焙師傅,4.1,1313
餐飲服務人員,其他餐飲服務人員,3.5,1093
飯店／旅館／餐廳管理人員,餐廳／飯店主管,5.1,2160
飯店／旅館／餐廳管理人員,中央廚房主管,5.4,284
飯店／旅館／餐廳管理人員,餐飲主任／領班,4.3,739
飯店／旅館／餐廳管理人員,中央廚房管理人員,4.6,285
飯店／旅館／餐廳管理人員,其他飯店餐廳管理人員,4.7,317
旅遊休閒及運動相關服務人員,旅遊專員,3.7,1706
旅遊休閒及運動相關服務人員,導遊,3.9,103
旅遊休閒及運動相關服務人員,領隊,3.8,104
旅遊休閒及運動相關服務人員,健身房櫃台接待,3.1,307
旅遊休閒及運動相關服務人員,活動帶領員,3.5,235
旅遊休閒及運動相關服務人員,救生員,3.4,204
旅遊休閒及運動相關服務人員,其他旅遊及運動服務人員,3.4,184
保全／保全管理人員,保全人員,3.3,5894
保全／保全管理人員,保全主管,4.4,436
保全／保全管理人員,門禁管制人員,3.2,1677
保全／保全管理人員,大樓管理員,3.3,1527
保全／保全管理人員,停車場管理員,3.2,768
保全／保全管理人員,安全人員,3.8,274
保全／保全管理人員,其他保全相關人員,3.3,229
警衛／消防／救護人員,警衛,3.3,255
警衛／消防／救護人員,消防人員,4.5,61
警衛／消防／救護人員,急救人員,3.9,114
清潔／環衛相關人員,清潔人員,3.2,4637
清潔／環衛相關人員,環保技術人員,3.5,177
清潔／環衛相關人員,垃圾處理人員,3.3,113
清潔／環衛相關人員,環境工程人員,3.7,354
清潔／環衛相關人員,洗衣人員,3.0,252
清潔／環衛相關人員,洗車人員,3.3,168
運輸物流人員,物流人員,3.6,5402
運輸物流人員,倉儲人員,3.6,3763
運輸物流人員,運輸人員,3.7,2562
運輸物流人員,運輸助理,3.4,1303
運輸物流人員,快遞人員,3.5,750
運輸物流人員,外送司機,4.1,1482
運輸物流人員,貨車司機,4.3,4090
運輸物流人員,堆高機操作員,4.0,964
運輸物流人員,小客車司機,3.8,257
運輸物流人員,大客車司機,4.4,268
運輸物流人員,其他運輸人員,3.7,104
機械操作／組裝人員,操作工,3.4,1324
機械操作／組裝人員,組裝員,3.3,1879
機械操作／組裝人員,機械操作員,3.6,914
機械操作／組裝人員,產線人員,3.5,3796
機械操作／組裝人員,包裝員,3.2,1862
機械操作／組裝人員,品檢員,3.4,1935
機械操作／組裝人員,測試員,3.6,792
