分類,職務名稱,月薪中位數 (萬元),職缺數
倉管／物料管理人員,倉管人員,3.5,4333
倉管／物料管理人員,物料管理人員,3.5,1484
倉管／物料管理人員,資材人員,3.7,449
倉管／物料管理人員,其他倉儲物料人員,3.6,233
製程／品管／環安衛人員,製程工程師,4.1,1973
製程／品管／環安衛人員,品保人員,3.8,1391
製程／品管／環安衛人員,品管人員,3.7,1305
製程／品管／環安衛人員,環安人員,4.0,538
製程／品管／環安衛人員,安全人員,4.1,411
製程／品管／環安衛人員,職業安全衛生管理員,4.1,529
技術／研發／維修人員,技術人員,3.8,2030
技術／研發／維修人員,機電技師,4.0,573
技術／研發／維修人員,設備維修人員,3.9,1735
技術／研發／維修人員,水電工,3.7,961
技術／研發／維修人員,機械修護人員,3.8,804
技術／研發／維修人員,半導體設備工程師,4.5,381
技術／研發／維修人員,電器技術人員,3.9,558
醫療專業人員,臨床護理師,4.6,1509
醫療專業人員,護士,4.5,2201
醫療專業人員,藥師,4.8,786
醫療專業人員,物理治療師,4.6,377
醫療專業人員,放射師,4.6,332
醫療專業人員,牙體技術師,4.0,73
醫療專業人員,其他醫療人員,4.4,206
醫療技術輔助人員,護理助理,3.6,2204
醫療技術輔助人員,照顧服務員,3.6,3812
醫療技術輔助人員,醫事放射師助理,3.5,115
醫療技術輔助人員,復健助理,3.5,263
醫療技術輔助人員,牙醫助理,3.5,759
醫療技術輔助人員,藥師助理,3.5,297
醫療技術輔助人員,其他醫療技術輔助人員,3.5,181
醫療保健服務人員,看護,3.6,952
醫療保健服務人員,接待員,3.5,512
醫療保健服務人員,掛號人員,3.5,189
醫療保健服務人員,病歷管理人員,3.5,159
醫療保健服務人員,導診人員,3.5,116
醫療保健服務人員,健檢人員,3.7,234
醫療保健服務人員,救護技術員,4.0,105
醫療保健服務人員,其他醫療保健服務人員,3.6,162
社會福利服務人員,社工人員,4.0,1691
社會福利服務人員,社福行政人員,3.7,467
社會福利服務人員,庇護工場作業人員,3.4,203
社會福利服務人員,庇護性就業輔導員,3.6,107
社會福利服務人員,其他社會福利服務人員,3.8,99
教育人員,才藝／補習班老師,3.8,1190
教育人員,幼教老師,3.8,1215
教育人員,課後照顧老師,3.7,748
教育人員,安親班老師,3.7,628
教育人員,學前特殊教育老師,4.0,142
教育人員,其他教育人員,3.8,202
體育／美容美髮／餐旅服務人員,美髮師,3.5,1244
體育／美容美髮／餐旅服務人員,美容師,3.4,1492
體育／美容美髮／餐旅服務人員,芳療／紓壓師,3.4,1006
體育／美容美髮／餐旅服務人員,美甲師,3.4,788
體育／美容美髮／餐旅服務人員,健身教練,3.7,630
體育／美容美髮／餐旅服務人員,廚務助理,3.3,1855
體育／美容美髮／餐旅服務人員,洗碗人員,3.2,1030
體育／美容美髮／餐旅服務人員,其他服務人員,3.4,163
