分類,職務名稱,月薪中位數 (萬元),職缺數
經營／幕僚類人員,總務助理,4.4,15424
經營／幕僚類人員,經營管理主管,7.4,3747
經營／幕僚類人員,主持特別活動,6.6,2477
經營／幕僚類人員,副總經理,16.1,101
經營／幕僚類人員,品質管理,7.6,146
經營／幕僚類人員,執行長,11.6,60
經營／幕僚類人員,總經理,9.6,151
人力資源類人員,人力資源人員,4.6,4323
人力資源類人員,人力資源專員,3.8,2078
人力資源類人員,人力資源主管,6.2,1575
人力資源類人員,教育訓練人員,4.8,1567
人力資源類人員,人力／外勞仲介,4.1,480
人力資源類人員,招募顧問,4.6,570
行政／總務類人員,行政助理,3.4,17191
行政／總務類人員,行政人員,3.7,2201
行政／總務類人員,行政主管,5.9,1241
行政／總務類人員,資產管理／工務主管,3.2,21117
行政／總務類人員,秘書,4.2,3629
行政／總務類人員,總機,4.2,3609
行政／總務類人員,辦公室事務管理人員,4.6,10073
行政／總務類人員,資料輸入人員,3.4,2772
行政／總務類人員,檔案人員,3.3,1457
行政／總務類人員,文件資料管理人員,4.2,991
行政／總務類人員,圖書資料管理人員,3.8,52
行政／總務類人員,環境清潔人員,3.8,5
法務／智財類人員,律師,7.6,500
法務／智財類人員,法務,5.2,1278
法務／智財類人員,法務專員,3.8,624
法務／智財類人員,法務主管,8.0,184
法務／智財類人員,襄閱／專利人員,6.2,435
法務／智財類人員,專利工程師,6.8,122
法務／智財類人員,專利師,7.0,277
法務／智財類人員,法遵人員,5.7,85
法務／智財類人員,工業設計人員,5.3,227
法務／智財類人員,代書／地政士,6.5,959
財務／會計／稅務類人員,記帳／出納／一般會計,4.0,11544
財務／會計／稅務類人員,主辦會計,4.9,4079
財務／會計／稅務類人員,成本會計,4.9,1933
財務／會計／稅務類人員,財務會計助理,3.6,6184
財務／會計／稅務類人員,財務分析／財務人員,5.6,4063
財務／會計／稅務類人員,財務主管或經理,7.2,2301
財務／會計／稅務類人員,稽核人員,5.3,861
財務／會計／稅務類人員,審計人員,5.0,315
財務／會計／稅務類人員,會計師,6.8,881
財務／會計／稅務類人員,稅務／報稅人員,5.3,1741
財務／會計／稅務類人員,財務長,11.7,780
財務／會計／稅務類人員,記帳士,3.9,202
財務／會計／稅務類人員,稅務人員,3.8,1086
金融專業相關人員,銀行辦事員,4.7,1874
金融專業相關人員,證券業務員,5.0,222
金融專業相關人員,理財專員,6.2,2186
金融專業相關人員,金融交易員,6.1,505
金融專業相關人員,金融業務員,5.1,1561
金融專業相關人員,金融承銷員,5.2,155
金融專業相關人員,金融研究員,6.5,899
金融專業相關人員,金融主管,9.3,491
金融專業相關人員,保險業務／經紀人,5.1,1881
金融專業相關人員,保險主管,7.2,101
金融專業相關人員,融資／信用業務人員,6.0,1509
金融專業相關人員,核保／保險內勤人員,4.7,863
金融專業相關人員,理賠人員,4.6,404
金融專業相關人員,投信人員,5.0,285
金融專業相關人員,催收人員,4.9,160
金融專業相關人員,勞資後線人員,4.4,560
金融專業相關人員,統計精算人員,6.9,322
金融專業相關人員,投資經理人,9.3,247
金融專業相關人員,風險管理人員,6.7,304
金融專業相關人員,不動產估價師,5.4,184
行銷類人員,社群行銷,4.0,3965
行銷類人員,行銷企劃,4.5,10578
行銷類人員,行銷專員,3.6,2194
行銷類人員,行銷主管,6.2,1715
行銷類人員,網路行銷企劃,4.1,5693
行銷類人員,產品行銷企劃,5.2,7904
行銷類人員,活動企劃,4.1,3362
行銷類人員,廣告文案／企劃,4.4,4765
行銷類人員,廣告企劃,6.5,442
行銷類人員,不動產／房仲銷售人員,5.6,3863
行銷類人員,市場調查／市場分析,5.0,1548
行銷類人員,神秘客,5.0,48
行銷類人員,總機暨接待人員／主管,6.7,1123
行銷類人員,公關專員,4.1,174
行銷類人員,媒體企劃／媒體採買,5.7,606
行銷類人員,媒體媒體採購主管,6.8,17
行銷類人員,行銷經理,7.0,236
行銷類人員,行銷協理,7.0,394
行銷類人員,行銷副總,9.4,1395
產品企劃類人員,競品企劃,5.0,305
產品企劃類人員,網站企劃,4.8,233
產品企劃類人員,專案管理主管,4.5,1064
產品企劃類人員,出貨企劃,4.7,264
產品企劃類人員,產品企劃,5.8,3356
產品企劃類人員,產品企劃主管,6.8,970
專案／產品管理類人員,專案經理,6.6,3016
專案／產品管理類人員,專案主管,3.9,1698
專案／產品管理類人員,產品專案經理,6.8,3704
專案／產品管理類人員,永續管理師,5.6,372
專案／產品管理類人員,專案管理主管,7.2,2427
專案／產品管理類人員,軟體專案管理師,6.2,1825
專案／產品管理類人員,技術專案管理人員／系統分析／ERP專案師,6.8,5530
專案／產品管理類人員,其他專案管理,5.6,64
專案／產品管理類人員,產品經理,7.0,2854
