分類,職務名稱,月薪中位數 (萬元),職缺數
客戶服務類人員,電話客服,3.9,4883
客戶服務類人員,客訴客服,6.1,1063
客戶服務類人員,文字客服,4.1,1544
客戶服務類人員,電訪人員,3.2,697
客戶服務類人員,其他客服人員,4.1,9646
客戶服務類人員,線上客服,,48
客戶服務類人員,客戶技術支援,,21
客戶服務類人員,客戶支援人員,,24
門市營業類人員,門市／店員／專櫃人員,4.0,59248
門市營業類人員,店長／賣場管理人員,4.4,16099
門市營業類人員,儲備／幹部人員,3.6,12260
門市營業類人員,連鎖店管理人員,5.1,7295
門市營業類人員,營化人員,4.4,263
業務銷售類人員,國內業務,5.0,37061
業務銷售類人員,國外業務,5.3,8795
業務銷售類人員,國內業務主管,6.9,6898
業務銷售類人員,國外業務主管,9.3,2004
業務銷售類人員,內勤業務,4.0,3053
業務銷售類人員,業務助理,3.6,14701
業務銷售類人員,電話行銷人員,5.2,2122
業務銷售類人員,不動產經紀人員,6.5,5508
業務銷售類人員,汽車銷售人員,7.3,1614
業務銷售類人員,商品企劃人員,5.5,896
業務銷售類人員,通路開發人員,5.8,9399
業務銷售類人員,專案業務主管,6.8,9
業務銷售類人員,售票人員,5.2,199
業務銷售類人員,駐校代表,4.8,59
業務銷售類人員,補習班老師,5.5,31
貿易類人員,國貿人員,5.0,4509
貿易類人員,採購專員,4.3,1674
貿易類人員,空運／船務／報關人員,4.6,1718
貿易類人員,保稅人員,4.5,137
