分類,職務名稱,月薪中位數 (萬元),職缺數
其他類人員,清潔工／資源回收人員,3.6,5271
其他類人員,家事服務工,3.5,600
其他類人員,家事服務人員,3.6,3879
其他類人員,加油員,3.5,1067
其他類人員,翻譯,4.6,1344
其他類人員,花藝／園藝人員,3.6,621
其他類人員,花藝設計師,3.8,200
其他類人員,汽車美容人員,3.6,540
其他類人員,生產人員,3.6,998
其他類人員,派報生／傳單派送,3.8,190
其他類人員,公家機關臨時人員,4.0,186
其他類人員,生命禮儀師,3.8,140
其他類人員,苦工,3.0,71
其他類人員,聯絡員／調度專員／協調專員,3.6,24
其他類人員,服務台人員,3.6,9
其他類人員,調茶員,3.6,5
