分類,職務名稱,月薪中位數 (萬元),職缺數
醫療／保健服務人員,臨床醫事檢驗師,6.3,1252
醫療／保健服務人員,放射師,6.3,1415
醫療／保健服務人員,物理治療師,5.1,1127
醫療／保健服務人員,職能治療師,5.0,519
醫療／保健服務人員,語言治療師,4.6,530
醫療／保健服務人員,呼吸治療師,5.2,484
醫療／保健服務人員,營養師,4.3,1964
醫療／保健服務人員,藥師,5.5,3987
醫療／保健服務人員,藥劑生,3.6,455
醫療／保健服務人員,助產士,5.0,234
醫療／保健服務人員,看護人員,2.9,591
醫療／保健服務人員,醫檢助理,3.1,252
醫療／保健服務人員,醫療助理,3.4,3905
醫療／保健服務人員,獸醫,6.2,221
醫療／保健服務人員,其他醫療專業人員,4.6,706
醫療護理人員,護理師,5.3,25333
醫療護理人員,護理人員,4.5,6432
醫療護理人員,照顧服務員,2.9,2778
醫療護理人員,陪病人員,2.8,602
醫療護理人員,其他護理人員,4.5,306
醫療輔助人員,看護／護佐,2.9,1558
醫療輔助人員,助產士,4.5,234
醫療輔助人員,病歷管理員,4.1,167
醫療輔助人員,醫療行政人員,4.0,1347
醫療輔助人員,診所助理,3.4,1051
醫療輔助人員,牙醫助理,3.3,2524
醫療輔助人員,驗光師,3.7,261
醫學研究與技術人員,臨床研究人員,5.5,150
醫學研究與技術人員,藥品研發人員,6.6,102
醫學研究與技術人員,臨床試驗人員,6.1,185
醫學研究與技術人員,醫學研究人員,6.3,122
醫學研究與技術人員,醫療設備工程師,5.4,337
醫學研究與技術人員,其他醫學研究人員,5.7,64
醫藥製造相關人員,製藥工程師,5.1,540
醫藥製造相關人員,生技工程師,5.0,538
醫藥製造相關人員,品保／品管工程師,5.2,1336
醫藥製造相關人員,製程工程師,5.6,2524
醫藥製造相關人員,生產技術人員,4.7,1382
醫藥製造相關人員,製劑人員,4.6,364
醫藥製造相關人員,醫藥品包裝人員,3.8,185
醫療器材研發與銷售人員,醫療器材業務人員,6.3,649
醫療器材研發與銷售人員,醫療器材工程師,6.1,470
醫療器材研發與銷售人員,醫療器材維修人員,5.5,138
醫療器材研發與銷售人員,醫療器材研發人員,6.8,172
醫療器材研發與銷售人員,醫療器材品管人員,5.2,104
健康管理與輔助人員,健康管理師,4.6,438
健康管理與輔助人員,心理師,4.9,591
健康管理與輔助人員,諮商人員,4.7,143
健康管理與輔助人員,復健師,4.5,455
健康管理與輔助人員,社工人員,4.5,1059
健康管理與輔助人員,照顧服務員,3.1,3680
健康管理與輔助人員,長照服務員,3.1,2097
健康管理與輔助人員,活動企劃人員,4.1,842
醫美／美容／保健服務人員,芳療師,3.6,350
醫美／美容／保健服務人員,美容師,3.5,472
醫美／美容／保健服務人員,美療師,3.6,629
醫美／美容／保健服務人員,醫美／整形師,4.8,145
醫美／美容／保健服務人員,按摩師,3.7,179
醫美／美容／保健服務人員,SPA芳療師,3.5,160
醫美／美容／保健服務人員,健身教練,4.5,1346
醫美／美容／保健服務人員,瑜伽／舞蹈老師,4.2,381
醫美／美容／保健服務人員,營養諮詢師,4.1,208
醫美／美容／保健服務人員,其他健康美容相關,4.0,728
