﻿職業類別,產業,1年以下,1~3年,3~5年,5~7年,7年以上
中式麵點人員／師傅,電子科技╱資訊╱軟體╱半導體,35000,38500,42000,45500,49000
中式麵點人員／師傅,一般傳統製造,30000,33000,36000,39000,42000
中式麵點人員／師傅,政治╱宗教╱社福,30300,33400,36400,39400,42500
中式麵點人員／師傅,運輸物流╱倉儲╱貿易,35000,38500,42000,45500,49000
中式麵點人員／師傅,醫療照護╱環境衛生,26500,29200,31800,34500,37100
中式麵點人員／師傅,農林漁牧╱水電資源,38000,41800,45600,49400,53200
中式麵點人員／師傅,一般服務業,35000,38500,42000,45500,49000
中式麵點人員／師傅,旅遊╱休閒╱運動,40000,44000,48000,52000,56000
中式麵點人員／師傅,餐飲╱住宿服務,32000,35200,38400,41600,44800
中式麵點人員／師傅,批發╱零售,30000,33000,36000,39000,42000
