﻿職業類別,產業,1年以下,1~3年,3~5年,5~7年,7年以上
休閒娛樂事業從業人員,電子科技╱資訊╱軟體╱半導體,40000,44000,48000,52000,56000
休閒娛樂事業從業人員,一般傳統製造,30000,33000,36000,39000,42000
休閒娛樂事業從業人員,政治╱宗教╱社福,43000,47300,51600,55900,60200
休閒娛樂事業從業人員,法律╱會計╱顧問╱研發╱設計,30000,33000,36000,39000,42000
休閒娛樂事業從業人員,運輸物流╱倉儲╱貿易,45000,49500,54000,58500,63000
休閒娛樂事業從業人員,建築營造╱不動產相關,30000,33000,36000,39000,42000
休閒娛樂事業從業人員,農林漁牧╱水電資源,34000,37400,40800,44200,47600
休閒娛樂事業從業人員,一般服務業,38000,41800,45600,49400,53200
休閒娛樂事業從業人員,旅遊╱休閒╱運動,35000,38500,42000,45500,49000
休閒娛樂事業從業人員,餐飲╱住宿服務,32000,35200,38400,41600,44800
休閒娛樂事業從業人員,大眾傳播相關,31500,34700,37800,41000,44100
休閒娛樂事業從業人員,教育╱出版╱藝文相關,35000,38500,42000,45500,49000
休閒娛樂事業從業人員,批發╱零售,31500,34700,37800,41000,44100
