﻿職業類別,產業,1年以下,1~3年,3~5年,5~7年,7年以上
冷熱飲調製人員,電子科技╱資訊╱軟體╱半導體,30000,33000,36000,39000,42000
冷熱飲調製人員,一般傳統製造,28000,30800,33600,36400,39200
冷熱飲調製人員,法律╱會計╱顧問╱研發╱設計,27000,29700,32400,35100,37800
冷熱飲調製人員,運輸物流╱倉儲╱貿易,40000,44000,48000,52000,56000
冷熱飲調製人員,建築營造╱不動產相關,30000,33000,36000,39000,42000
冷熱飲調製人員,醫療照護╱環境衛生,32000,35200,38400,41600,44800
冷熱飲調製人員,一般服務業,30000,33000,36000,39000,42000
冷熱飲調製人員,旅遊╱休閒╱運動,31000,34100,37200,40300,43400
冷熱飲調製人員,餐飲╱住宿服務,28100,30900,33700,36500,39300
冷熱飲調製人員,大眾傳播相關,33000,36300,39600,42900,46200
冷熱飲調製人員,批發╱零售,26500,29200,31800,34500,37100
