﻿職業類別,產業,1年以下,1~3年,3~5年,5~7年,7年以上
寵物美容專業人員,電子科技╱資訊╱軟體╱半導體,30000,33000,36000,39000,42000
寵物美容專業人員,一般傳統製造,35000,38500,42000,45500,49000
寵物美容專業人員,醫療照護╱環境衛生,27500,30300,33000,35800,38500
寵物美容專業人員,農林漁牧╱水電資源,30000,33000,36000,39000,42000
寵物美容專業人員,一般服務業,30000,33000,36000,39000,42000
寵物美容專業人員,餐飲╱住宿服務,28500,31400,34200,37100,39900
寵物美容專業人員,批發╱零售,30000,33000,36000,39000,42000
