﻿職業類別,產業,1年以下,1~3年,3~5年,5~7年,7年以上
票務人員／旅行社人員,一般傳統製造,30000,33000,36000,39000,42000
票務人員／旅行社人員,政治╱宗教╱社福,28000,30800,33600,36400,39200
票務人員／旅行社人員,法律╱會計╱顧問╱研發╱設計,29500,32500,35400,38400,41300
票務人員／旅行社人員,運輸物流╱倉儲╱貿易,30000,33000,36000,39000,42000
票務人員／旅行社人員,建築營造╱不動產相關,23800,26200,28600,31000,33400
票務人員／旅行社人員,一般服務業,27700,30400,33200,36000,38700
票務人員／旅行社人員,旅遊╱休閒╱運動,30000,33000,36000,39000,42000
票務人員／旅行社人員,餐飲╱住宿服務,33000,36300,39600,42900,46200
票務人員／旅行社人員,大眾傳播相關,25000,27500,30000,32500,35000
票務人員／旅行社人員,教育╱出版╱藝文相關,25000,27500,30000,32500,35000
票務人員／旅行社人員,批發╱零售,27200,30000,32700,35400,38100
