﻿職業類別,產業,1年以下,1~3年,3~5年,5~7年,7年以上
遊樂景點工作人員,電子科技╱資訊╱軟體╱半導體,45000,49500,54000,58500,63000
遊樂景點工作人員,一般傳統製造,35000,38500,42000,45500,49000
遊樂景點工作人員,政治╱宗教╱社福,28000,30800,33600,36400,39200
遊樂景點工作人員,運輸物流╱倉儲╱貿易,35900,39500,43100,46600,50200
遊樂景點工作人員,建築營造╱不動產相關,500000,550000,600000,650000,700000
遊樂景點工作人員,一般服務業,32000,35200,38400,41600,44800
遊樂景點工作人員,旅遊╱休閒╱運動,28000,30800,33600,36400,39200
遊樂景點工作人員,餐飲╱住宿服務,30000,33000,36000,39000,42000
遊樂景點工作人員,教育╱出版╱藝文相關,26000,28600,31200,33800,36400
