﻿職業類別,產業,1年以下,1~3年,3~5年,5~7年,7年以上
飯店／旅館服務人員,電子科技╱資訊╱軟體╱半導體,26400,29100,31700,34400,37000
飯店／旅館服務人員,一般傳統製造,29000,31900,34800,37700,40600
飯店／旅館服務人員,政治╱宗教╱社福,30000,33000,36000,39000,42000
飯店／旅館服務人員,金融投顧╱保險相關,27000,29700,32400,35100,37800
飯店／旅館服務人員,運輸物流╱倉儲╱貿易,33500,36900,40200,43600,46900
飯店／旅館服務人員,建築營造╱不動產相關,23800,26200,28600,31000,33400
飯店／旅館服務人員,醫療照護╱環境衛生,27500,30300,33000,35800,38500
飯店／旅館服務人員,一般服務業,27000,29700,32400,35100,37800
飯店／旅館服務人員,旅遊╱休閒╱運動,29000,31900,34800,37700,40600
飯店／旅館服務人員,餐飲╱住宿服務,29000,31900,34800,37700,40600
飯店／旅館服務人員,教育╱出版╱藝文相關,30000,33000,36000,39000,42000
飯店／旅館服務人員,批發╱零售,28000,30800,33600,36400,39200
