﻿職業類別,產業,1年以下,1~3年,3~5年,5~7年,7年以上
飯店／旅館櫃檯人員,電子科技╱資訊╱軟體╱半導體,45000,49500,54000,58500,63000
飯店／旅館櫃檯人員,一般傳統製造,32000,35200,38400,41600,44800
飯店／旅館櫃檯人員,礦業╱土石能源採取,26000,28600,31200,33800,36400
飯店／旅館櫃檯人員,運輸物流╱倉儲╱貿易,38000,41800,45600,49400,53200
飯店／旅館櫃檯人員,建築營造╱不動產相關,23800,26200,28600,31000,33400
飯店／旅館櫃檯人員,醫療照護╱環境衛生,30000,33000,36000,39000,42000
飯店／旅館櫃檯人員,一般服務業,30500,33600,36600,39700,42700
飯店／旅館櫃檯人員,旅遊╱休閒╱運動,29000,31900,34800,37700,40600
飯店／旅館櫃檯人員,餐飲╱住宿服務,29500,32500,35400,38400,41300
飯店／旅館櫃檯人員,大眾傳播相關,26000,28600,31200,33800,36400
飯店／旅館櫃檯人員,教育╱出版╱藝文相關,33300,36700,40000,43300,46700
飯店／旅館櫃檯人員,批發╱零售,26400,29100,31700,34400,37000
