﻿職業類別,產業,1年以下,1~3年,3~5年,5~7年,7年以上
不動產經紀人／營業員,電子科技╱資訊╱軟體╱半導體,50000,55000,60000,65000,70000
不動產經紀人／營業員,政治╱宗教╱社福,40000,44000,48000,52000,56000
不動產經紀人／營業員,金融投顧╱保險相關,39000,42900,46800,50700,54600
不動產經紀人／營業員,法律╱會計╱顧問╱研發╱設計,31000,34100,37200,40300,43400
不動產經紀人／營業員,運輸物流╱倉儲╱貿易,37300,41100,44800,48500,52300
不動產經紀人／營業員,建築營造╱不動產相關,40000,44000,48000,52000,56000
不動產經紀人／營業員,醫療照護╱環境衛生,212500,233800,255000,276300,297500
不動產經紀人／營業員,農林漁牧╱水電資源,35000,38500,42000,45500,49000
不動產經紀人／營業員,一般服務業,36000,39600,43200,46800,50400
不動產經紀人／營業員,旅遊╱休閒╱運動,321500,353700,385800,418000,450100
不動產經紀人／營業員,餐飲╱住宿服務,32000,35200,38400,41600,44800
不動產經紀人／營業員,大眾傳播相關,32000,35200,38400,41600,44800
不動產經紀人／營業員,教育╱出版╱藝文相關,100000,110000,120000,130000,140000
不動產經紀人／營業員,批發╱零售,50000,55000,60000,65000,70000
