﻿職業類別,產業,1年以下,1~3年,3~5年,5~7年,7年以上
保險業務員／經紀人,金融投顧╱保險相關,35000,38500,42000,45500,49000
保險業務員／經紀人,法律╱會計╱顧問╱研發╱設計,420000,462000,504000,546000,588000
保險業務員／經紀人,建築營造╱不動產相關,50000,55000,60000,65000,70000
保險業務員／經紀人,醫療照護╱環境衛生,28000,30800,33600,36400,39200
保險業務員／經紀人,一般服務業,33000,36300,39600,42900,46200
保險業務員／經紀人,旅遊╱休閒╱運動,29500,32500,35400,38400,41300
保險業務員／經紀人,餐飲╱住宿服務,30000,33000,36000,39000,42000
保險業務員／經紀人,教育╱出版╱藝文相關,32000,35200,38400,41600,44800
保險業務員／經紀人,批發╱零售,28500,31400,34200,37100,39900
