﻿職業類別,產業,1年以下,1~3年,3~5年,5~7年,7年以上
大型賣場管理人員,電子科技╱資訊╱軟體╱半導體,43500,47900,52200,56600,60900
大型賣場管理人員,一般傳統製造,30000,33000,36000,39000,42000
大型賣場管理人員,政治╱宗教╱社福,25000,27500,30000,32500,35000
大型賣場管理人員,法律╱會計╱顧問╱研發╱設計,40500,44600,48600,52700,56700
大型賣場管理人員,運輸物流╱倉儲╱貿易,28000,30800,33600,36400,39200
大型賣場管理人員,建築營造╱不動產相關,35000,38500,42000,45500,49000
大型賣場管理人員,醫療照護╱環境衛生,45000,49500,54000,58500,63000
大型賣場管理人員,農林漁牧╱水電資源,29000,31900,34800,37700,40600
大型賣場管理人員,一般服務業,29800,32800,35700,38700,41700
大型賣場管理人員,旅遊╱休閒╱運動,30000,33000,36000,39000,42000
大型賣場管理人員,餐飲╱住宿服務,30000,33000,36000,39000,42000
大型賣場管理人員,大眾傳播相關,33000,36300,39600,42900,46200
大型賣場管理人員,批發╱零售,29000,31900,34800,37700,40600
