﻿職業類別,產業,1年以下,1~3年,3~5年,5~7年,7年以上
客戶成功經理,電子科技╱資訊╱軟體╱半導體,63000,69300,75600,81900,88200
客戶成功經理,金融投顧╱保險相關,40000,44000,48000,52000,56000
客戶成功經理,建築營造╱不動產相關,80000,88000,96000,104000,112000
客戶成功經理,醫療照護╱環境衛生,30000,33000,36000,39000,42000
客戶成功經理,教育╱出版╱藝文相關,34000,37400,40800,44200,47600
客戶成功經理,批發╱零售,40000,44000,48000,52000,56000
