﻿職業類別,產業,1年以下,1~3年,3~5年,5~7年,7年以上
店長／門市管理人員,電子科技╱資訊╱軟體╱半導體,37000,40700,44400,48100,51800
店長／門市管理人員,一般傳統製造,34000,37400,40800,44200,47600
店長／門市管理人員,礦業╱土石能源採取,28500,31400,34200,37100,39900
店長／門市管理人員,政治╱宗教╱社福,35000,38500,42000,45500,49000
店長／門市管理人員,金融投顧╱保險相關,35000,38500,42000,45500,49000
店長／門市管理人員,法律╱會計╱顧問╱研發╱設計,30000,33000,36000,39000,42000
店長／門市管理人員,運輸物流╱倉儲╱貿易,34000,37400,40800,44200,47600
店長／門市管理人員,建築營造╱不動產相關,40000,44000,48000,52000,56000
店長／門市管理人員,醫療照護╱環境衛生,36000,39600,43200,46800,50400
店長／門市管理人員,農林漁牧╱水電資源,35000,38500,42000,45500,49000
店長／門市管理人員,一般服務業,34000,37400,40800,44200,47600
店長／門市管理人員,旅遊╱休閒╱運動,35000,38500,42000,45500,49000
店長／門市管理人員,餐飲╱住宿服務,35000,38500,42000,45500,49000
店長／門市管理人員,大眾傳播相關,36000,39600,43200,46800,50400
店長／門市管理人員,教育╱出版╱藝文相關,32000,35200,38400,41600,44800
店長／門市管理人員,批發╱零售,34000,37400,40800,44200,47600
