﻿職業類別,產業,1年以下,1~3年,3~5年,5~7年,7年以上
融資／信用業務人員,電子科技╱資訊╱軟體╱半導體,29300,32200,35100,38100,41000
融資／信用業務人員,一般傳統製造,30000,33000,36000,39000,42000
融資／信用業務人員,金融投顧╱保險相關,36000,39600,43200,46800,50400
融資／信用業務人員,法律╱會計╱顧問╱研發╱設計,45000,49500,54000,58500,63000
融資／信用業務人員,運輸物流╱倉儲╱貿易,32500,35800,39000,42300,45500
融資／信用業務人員,建築營造╱不動產相關,50000,55000,60000,65000,70000
融資／信用業務人員,一般服務業,39000,42900,46800,50700,54600
融資／信用業務人員,旅遊╱休閒╱運動,30000,33000,36000,39000,42000
融資／信用業務人員,批發╱零售,30000,33000,36000,39000,42000
