﻿職業類別,產業,1年以下,1~3年,3~5年,5~7年,7年以上
門市／店員／專櫃人員,電子科技╱資訊╱軟體╱半導體,31000,34100,37200,40300,43400
門市／店員／專櫃人員,一般傳統製造,29300,32300,35200,38100,41100
門市／店員／專櫃人員,礦業╱土石能源採取,30000,33000,36000,39000,42000
門市／店員／專櫃人員,政治╱宗教╱社福,28000,30800,33600,36400,39200
門市／店員／專櫃人員,金融投顧╱保險相關,30000,33000,36000,39000,42000
門市／店員／專櫃人員,法律╱會計╱顧問╱研發╱設計,30000,33000,36000,39000,42000
門市／店員／專櫃人員,運輸物流╱倉儲╱貿易,28000,30800,33600,36400,39200
門市／店員／專櫃人員,建築營造╱不動產相關,31000,34100,37200,40300,43400
門市／店員／專櫃人員,醫療照護╱環境衛生,30000,33000,36000,39000,42000
門市／店員／專櫃人員,農林漁牧╱水電資源,30000,33000,36000,39000,42000
門市／店員／專櫃人員,一般服務業,30000,33000,36000,39000,42000
門市／店員／專櫃人員,旅遊╱休閒╱運動,30000,33000,36000,39000,42000
門市／店員／專櫃人員,餐飲╱住宿服務,29000,31900,34800,37700,40600
門市／店員／專櫃人員,大眾傳播相關,30000,33000,36000,39000,42000
門市／店員／專櫃人員,教育╱出版╱藝文相關,28000,30800,33600,36400,39200
門市／店員／專櫃人員,批發╱零售,30000,33000,36000,39000,42000
